2025-07-27T07:49:30+00:00 NOTICE Calculate shipping CONTEXT: {"_legacy":true}
2025-07-27T07:49:30+00:00 NOTICE Start to calculate parcel boxes on cart CONTEXT: {"_legacy":true}
2025-07-27T07:49:30+00:00 NOTICE Enabled parcels defined on settings: Array
(
)
 CONTEXT: {"_legacy":true}
2025-07-27T07:49:30+00:00 NOTICE No parcels found. Starting to create parcels from single products. CONTEXT: {"_legacy":true}
2025-07-27T07:49:30+00:00 NOTICE Parcels created from single products: Array
(
    [0] => Array
        (
            [ID] => item-key-a7aeed74714116f3b292a982238f83d2-576
            [name] => LV mono nano Noe parcel
            [length] => 7.87
            [width] => 7.87
            [height] => 0.79
            [inner_padding] => 0
            [volume] => 48.930151
            [distance_unit] => in
            [mass_unit] => lbs
            [weight] => 0.22
            [enabled] => 1
            [type] => parcel
            [from_product] => 1
        )

)
 CONTEXT: {"_legacy":true}
2025-07-27T07:49:30+00:00 NOTICE Started to fill the packages CONTEXT: {"_legacy":true}
2025-07-27T07:49:30+00:00 NOTICE Created the boxes:Array
(
    [0] => Array
        (
            [id] => parcel-item-key-a7aeed74714116f3b292a982238f83d2-576-0
            [name] => LV mono nano Noe parcel
            [length] => 7.87
            [width] => 7.87
            [height] => 0.79
            [distance_unit] => in
            [mass_unit] => lbs
            [weight] => 0.22
            [volume] => 48.93
            [insurance] => no
            [signature] => no
            [amount] => 49900000
            [filled] => Array
                (
                    [a7aeed74714116f3b292a982238f83d2] => Array
                        (
                            [item_key] => a7aeed74714116f3b292a982238f83d2
                            [product_id] => 576
                            [product_name] => LV mono nano Noe
                            [height] => 0
                            [weight] => 0
                            [width] => 0
                            [length] => 0
                            [volume] => 0
                            [amount] => 49900000
                            [tariff_number] => 
                            [country_origin] => VN
                            [quantity] => 1
                        )

                )

        )

)
 CONTEXT: {"_legacy":true}
2025-07-27T07:49:30+00:00 NOTICE Combined box:Array
(
    [0] => Array
        (
            [id] => combined_box
            [length] => 7.87
            [width] => 7.87
            [height] => 0.79
            [volume] => 48.93
            [amount] => 49900000
            [distance_unit] => in
            [mass_unit] => lbs
            [insurance] => no
            [signature] => no
            [weight] => 0.22
            [filled] => Array
                (
                    [a7aeed74714116f3b292a982238f83d2] => Array
                        (
                            [item_key] => a7aeed74714116f3b292a982238f83d2
                            [product_id] => 576
                            [product_name] => LV mono nano Noe
                            [height] => 0
                            [weight] => 0
                            [width] => 0
                            [length] => 0
                            [volume] => 0
                            [amount] => 49900000
                            [tariff_number] => 
                            [country_origin] => VN
                            [quantity] => 1
                        )

                )

        )

)
 CONTEXT: {"_legacy":true}
2025-07-27T07:49:30+00:00 NOTICE Parcel filled:Array
(
    [0] => Array
        (
            [id] => combined_box
            [length] => 7.87
            [width] => 7.87
            [height] => 0.79
            [volume] => 48.93
            [amount] => 49900000
            [distance_unit] => in
            [mass_unit] => lbs
            [insurance] => no
            [signature] => no
            [weight] => 0.22
            [filled] => Array
                (
                    [a7aeed74714116f3b292a982238f83d2] => Array
                        (
                            [item_key] => a7aeed74714116f3b292a982238f83d2
                            [product_id] => 576
                            [product_name] => LV mono nano Noe
                            [height] => 0
                            [weight] => 0
                            [width] => 0
                            [length] => 0
                            [volume] => 0
                            [amount] => 49900000
                            [tariff_number] => 
                            [country_origin] => VN
                            [quantity] => 1
                        )

                )

        )

)
 CONTEXT: {"_legacy":true}
2025-07-27T07:49:30+00:00 NOTICE Parcel Weight Adjusted:Array
(
    [id] => combined_box
    [length] => 7.87
    [width] => 7.87
    [height] => 0.79
    [volume] => 48.93
    [amount] => 49900000
    [distance_unit] => in
    [mass_unit] => lbs
    [insurance] => no
    [signature] => no
    [weight] => 0.22
    [filled] => Array
        (
            [a7aeed74714116f3b292a982238f83d2] => Array
                (
                    [item_key] => a7aeed74714116f3b292a982238f83d2
                    [product_id] => 576
                    [product_name] => LV mono nano Noe
                    [height] => 0
                    [weight] => 0
                    [width] => 0
                    [length] => 0
                    [volume] => 0
                    [amount] => 49900000
                    [tariff_number] => 
                    [country_origin] => VN
                    [quantity] => 1
                )

        )

)
 CONTEXT: {"_legacy":true}
2025-07-27T07:49:30+00:00 NOTICE Parcel Minimum Dimension Adjusted:Array
(
    [id] => combined_box
    [length] => 7.87
    [width] => 7.87
    [height] => 0.79
    [volume] => 48.93
    [amount] => 49900000
    [distance_unit] => in
    [mass_unit] => lbs
    [insurance] => no
    [signature] => no
    [weight] => 0.22
    [filled] => Array
        (
            [a7aeed74714116f3b292a982238f83d2] => Array
                (
                    [item_key] => a7aeed74714116f3b292a982238f83d2
                    [product_id] => 576
                    [product_name] => LV mono nano Noe
                    [height] => 0
                    [weight] => 0
                    [width] => 0
                    [length] => 0
                    [volume] => 0
                    [amount] => 49900000
                    [tariff_number] => 
                    [country_origin] => VN
                    [quantity] => 1
                )

        )

)
 CONTEXT: {"_legacy":true}
2025-07-27T07:49:30+00:00 NOTICE Parcel Adjusted:Array
(
    [0] => Array
        (
            [id] => combined_box
            [length] => 7.87
            [width] => 7.87
            [height] => 0.79
            [volume] => 48.93
            [amount] => 49900000
            [distance_unit] => in
            [mass_unit] => lbs
            [insurance] => no
            [signature] => no
            [weight] => 0.22
            [filled] => Array
                (
                    [a7aeed74714116f3b292a982238f83d2] => Array
                        (
                            [item_key] => a7aeed74714116f3b292a982238f83d2
                            [product_id] => 576
                            [product_name] => LV mono nano Noe
                            [height] => 0
                            [weight] => 0
                            [width] => 0
                            [length] => 0
                            [volume] => 0
                            [amount] => 49900000
                            [tariff_number] => 
                            [country_origin] => VN
                            [quantity] => 1
                        )

                )

        )

)
 CONTEXT: {"_legacy":true}
2025-07-27T07:49:30+00:00 NOTICE Parcel process ended CONTEXT: {"_legacy":true}
2025-07-27T07:49:30+00:00 NOTICE Parcels found Array
(
    [0] => Array
        (
            [id] => combined_box
            [length] => 7.87
            [width] => 7.87
            [height] => 0.79
            [volume] => 48.93
            [amount] => 49900000
            [distance_unit] => in
            [mass_unit] => lbs
            [insurance] => no
            [signature] => no
            [weight] => 0.22
            [filled] => Array
                (
                    [a7aeed74714116f3b292a982238f83d2] => Array
                        (
                            [item_key] => a7aeed74714116f3b292a982238f83d2
                            [product_id] => 576
                            [product_name] => LV mono nano Noe
                            [height] => 0
                            [weight] => 0
                            [width] => 0
                            [length] => 0
                            [volume] => 0
                            [amount] => 49900000
                            [tariff_number] => 
                            [country_origin] => VN
                            [quantity] => 1
                        )

                )

        )

)
 CONTEXT: {"_legacy":true}
2025-07-27T07:49:30+00:00 NOTICE Detected zone  CONTEXT: {"_legacy":true}
2025-07-27T07:49:30+00:00 NOTICE Found this owner address Array
(
    [country_state] => 
    [country] => 
    [state] => 
    [street1] => 
    [street2] => 
    [zip] => 
)
 CONTEXT: {"_legacy":true}
2025-07-27T07:49:30+00:00 NOTICE Require a shipment Array
(
    [address_from] => Array
        (
            [country_state] => 
            [country] => 
            [state] => 
            [street1] => 
            [street2] => 
            [zip] => 
        )

    [async] => 
    [currency] => VND
    [address_to] => Array
        (
            [name] =>  
            [company] => 
            [street1] => 
            [city] => 
            [state] => 
            [zip] => 
            [country] => VN
            [phone] => 
            [email] => 
            [is_residential] => 1
        )

    [customs_declaration] => Array
        (
            [certify] => 1
            [non_delivery_option] => RETURN
            [certify_signer] => Shipper
            [contents_type] => MERCHANDISE
            [contents_explanation] => Merchandise
            [items] => Array
                (
                    [0] => Array
                        (
                            [description] => LV mono nano Noe
                            [quantity] => 1
                            [value_amount] => 49900000
                            [net_weight] => 0.01
                            [value_currency] => VND
                            [origin_country] => VN
                            [tariff_number] => 
                            [mass_unit] => lb
                        )

                )

        )

    [parcels] => Array
        (
            [0] => Array
                (
                    [length] => 7.87
                    [width] => 7.87
                    [height] => 0.79
                    [distance_unit] => in
                    [mass_unit] => lbs
                    [weight] => 0.22
                )

        )

)
 CONTEXT: {"_legacy":true}
2025-07-27T07:49:30+00:00 NOTICE Error on calculate shippings :No credentials provided. CONTEXT: {"_legacy":true}
2025-07-27T07:49:30+00:00 NOTICE Calculate shipping CONTEXT: {"_legacy":true}
2025-07-27T07:49:30+00:00 NOTICE Start to calculate parcel boxes on cart CONTEXT: {"_legacy":true}
2025-07-27T07:49:30+00:00 NOTICE Enabled parcels defined on settings: Array
(
)
 CONTEXT: {"_legacy":true}
2025-07-27T07:49:30+00:00 NOTICE No parcels found. Starting to create parcels from single products. CONTEXT: {"_legacy":true}
2025-07-27T07:49:30+00:00 NOTICE Parcels created from single products: Array
(
    [0] => Array
        (
            [ID] => item-key-a7aeed74714116f3b292a982238f83d2-576
            [name] => LV mono nano Noe parcel
            [length] => 7.87
            [width] => 7.87
            [height] => 0.79
            [inner_padding] => 0
            [volume] => 48.930151
            [distance_unit] => in
            [mass_unit] => lbs
            [weight] => 0.22
            [enabled] => 1
            [type] => parcel
            [from_product] => 1
        )

)
 CONTEXT: {"_legacy":true}
2025-07-27T07:49:30+00:00 NOTICE Started to fill the packages CONTEXT: {"_legacy":true}
2025-07-27T07:49:30+00:00 NOTICE Created the boxes:Array
(
    [0] => Array
        (
            [id] => parcel-item-key-a7aeed74714116f3b292a982238f83d2-576-0
            [name] => LV mono nano Noe parcel
            [length] => 7.87
            [width] => 7.87
            [height] => 0.79
            [distance_unit] => in
            [mass_unit] => lbs
            [weight] => 0.22
            [volume] => 48.93
            [insurance] => no
            [signature] => no
            [amount] => 49900000
            [filled] => Array
                (
                    [a7aeed74714116f3b292a982238f83d2] => Array
                        (
                            [item_key] => a7aeed74714116f3b292a982238f83d2
                            [product_id] => 576
                            [product_name] => LV mono nano Noe
                            [height] => 0
                            [weight] => 0
                            [width] => 0
                            [length] => 0
                            [volume] => 0
                            [amount] => 49900000
                            [tariff_number] => 
                            [country_origin] => VN
                            [quantity] => 1
                        )

                )

        )

)
 CONTEXT: {"_legacy":true}
2025-07-27T07:49:30+00:00 NOTICE Combined box:Array
(
    [0] => Array
        (
            [id] => combined_box
            [length] => 7.87
            [width] => 7.87
            [height] => 0.79
            [volume] => 48.93
            [amount] => 49900000
            [distance_unit] => in
            [mass_unit] => lbs
            [insurance] => no
            [signature] => no
            [weight] => 0.22
            [filled] => Array
                (
                    [a7aeed74714116f3b292a982238f83d2] => Array
                        (
                            [item_key] => a7aeed74714116f3b292a982238f83d2
                            [product_id] => 576
                            [product_name] => LV mono nano Noe
                            [height] => 0
                            [weight] => 0
                            [width] => 0
                            [length] => 0
                            [volume] => 0
                            [amount] => 49900000
                            [tariff_number] => 
                            [country_origin] => VN
                            [quantity] => 1
                        )

                )

        )

)
 CONTEXT: {"_legacy":true}
2025-07-27T07:49:30+00:00 NOTICE Parcel filled:Array
(
    [0] => Array
        (
            [id] => combined_box
            [length] => 7.87
            [width] => 7.87
            [height] => 0.79
            [volume] => 48.93
            [amount] => 49900000
            [distance_unit] => in
            [mass_unit] => lbs
            [insurance] => no
            [signature] => no
            [weight] => 0.22
            [filled] => Array
                (
                    [a7aeed74714116f3b292a982238f83d2] => Array
                        (
                            [item_key] => a7aeed74714116f3b292a982238f83d2
                            [product_id] => 576
                            [product_name] => LV mono nano Noe
                            [height] => 0
                            [weight] => 0
                            [width] => 0
                            [length] => 0
                            [volume] => 0
                            [amount] => 49900000
                            [tariff_number] => 
                            [country_origin] => VN
                            [quantity] => 1
                        )

                )

        )

)
 CONTEXT: {"_legacy":true}
2025-07-27T07:49:30+00:00 NOTICE Parcel Weight Adjusted:Array
(
    [id] => combined_box
    [length] => 7.87
    [width] => 7.87
    [height] => 0.79
    [volume] => 48.93
    [amount] => 49900000
    [distance_unit] => in
    [mass_unit] => lbs
    [insurance] => no
    [signature] => no
    [weight] => 0.22
    [filled] => Array
        (
            [a7aeed74714116f3b292a982238f83d2] => Array
                (
                    [item_key] => a7aeed74714116f3b292a982238f83d2
                    [product_id] => 576
                    [product_name] => LV mono nano Noe
                    [height] => 0
                    [weight] => 0
                    [width] => 0
                    [length] => 0
                    [volume] => 0
                    [amount] => 49900000
                    [tariff_number] => 
                    [country_origin] => VN
                    [quantity] => 1
                )

        )

)
 CONTEXT: {"_legacy":true}
2025-07-27T07:49:30+00:00 NOTICE Parcel Minimum Dimension Adjusted:Array
(
    [id] => combined_box
    [length] => 7.87
    [width] => 7.87
    [height] => 0.79
    [volume] => 48.93
    [amount] => 49900000
    [distance_unit] => in
    [mass_unit] => lbs
    [insurance] => no
    [signature] => no
    [weight] => 0.22
    [filled] => Array
        (
            [a7aeed74714116f3b292a982238f83d2] => Array
                (
                    [item_key] => a7aeed74714116f3b292a982238f83d2
                    [product_id] => 576
                    [product_name] => LV mono nano Noe
                    [height] => 0
                    [weight] => 0
                    [width] => 0
                    [length] => 0
                    [volume] => 0
                    [amount] => 49900000
                    [tariff_number] => 
                    [country_origin] => VN
                    [quantity] => 1
                )

        )

)
 CONTEXT: {"_legacy":true}
2025-07-27T07:49:30+00:00 NOTICE Parcel Adjusted:Array
(
    [0] => Array
        (
            [id] => combined_box
            [length] => 7.87
            [width] => 7.87
            [height] => 0.79
            [volume] => 48.93
            [amount] => 49900000
            [distance_unit] => in
            [mass_unit] => lbs
            [insurance] => no
            [signature] => no
            [weight] => 0.22
            [filled] => Array
                (
                    [a7aeed74714116f3b292a982238f83d2] => Array
                        (
                            [item_key] => a7aeed74714116f3b292a982238f83d2
                            [product_id] => 576
                            [product_name] => LV mono nano Noe
                            [height] => 0
                            [weight] => 0
                            [width] => 0
                            [length] => 0
                            [volume] => 0
                            [amount] => 49900000
                            [tariff_number] => 
                            [country_origin] => VN
                            [quantity] => 1
                        )

                )

        )

)
 CONTEXT: {"_legacy":true}
2025-07-27T07:49:30+00:00 NOTICE Parcel process ended CONTEXT: {"_legacy":true}
2025-07-27T07:49:30+00:00 NOTICE Parcels found Array
(
    [0] => Array
        (
            [id] => combined_box
            [length] => 7.87
            [width] => 7.87
            [height] => 0.79
            [volume] => 48.93
            [amount] => 49900000
            [distance_unit] => in
            [mass_unit] => lbs
            [insurance] => no
            [signature] => no
            [weight] => 0.22
            [filled] => Array
                (
                    [a7aeed74714116f3b292a982238f83d2] => Array
                        (
                            [item_key] => a7aeed74714116f3b292a982238f83d2
                            [product_id] => 576
                            [product_name] => LV mono nano Noe
                            [height] => 0
                            [weight] => 0
                            [width] => 0
                            [length] => 0
                            [volume] => 0
                            [amount] => 49900000
                            [tariff_number] => 
                            [country_origin] => VN
                            [quantity] => 1
                        )

                )

        )

)
 CONTEXT: {"_legacy":true}
2025-07-27T07:49:30+00:00 NOTICE Detected zone  CONTEXT: {"_legacy":true}
2025-07-27T07:49:30+00:00 NOTICE Found this owner address Array
(
    [country_state] => 
    [country] => 
    [state] => 
    [street1] => 
    [street2] => 
    [zip] => 
)
 CONTEXT: {"_legacy":true}
2025-07-27T07:49:30+00:00 NOTICE Require a shipment Array
(
    [address_from] => Array
        (
            [country_state] => 
            [country] => 
            [state] => 
            [street1] => 
            [street2] => 
            [zip] => 
        )

    [async] => 
    [currency] => VND
    [address_to] => Array
        (
            [name] =>  
            [company] => 
            [street1] => 
            [city] => 
            [state] => 
            [zip] => 
            [country] => VN
            [phone] => 
            [email] => 
            [is_residential] => 1
        )

    [customs_declaration] => Array
        (
            [certify] => 1
            [non_delivery_option] => RETURN
            [certify_signer] => Shipper
            [contents_type] => MERCHANDISE
            [contents_explanation] => Merchandise
            [items] => Array
                (
                    [0] => Array
                        (
                            [description] => LV mono nano Noe
                            [quantity] => 1
                            [value_amount] => 49900000
                            [net_weight] => 0.01
                            [value_currency] => VND
                            [origin_country] => VN
                            [tariff_number] => 
                            [mass_unit] => lb
                        )

                )

        )

    [parcels] => Array
        (
            [0] => Array
                (
                    [length] => 7.87
                    [width] => 7.87
                    [height] => 0.79
                    [distance_unit] => in
                    [mass_unit] => lbs
                    [weight] => 0.22
                )

        )

)
 CONTEXT: {"_legacy":true}
2025-07-27T07:49:30+00:00 NOTICE Error on calculate shippings :No credentials provided. CONTEXT: {"_legacy":true}
2025-07-27T07:49:33+00:00 NOTICE Calculate shipping CONTEXT: {"_legacy":true}
2025-07-27T07:49:33+00:00 NOTICE Start to calculate parcel boxes on cart CONTEXT: {"_legacy":true}
2025-07-27T07:49:33+00:00 NOTICE Enabled parcels defined on settings: Array
(
)
 CONTEXT: {"_legacy":true}
2025-07-27T07:49:33+00:00 NOTICE No parcels found. Starting to create parcels from single products. CONTEXT: {"_legacy":true}
2025-07-27T07:49:33+00:00 NOTICE Parcels created from single products: Array
(
    [0] => Array
        (
            [ID] => item-key-a7aeed74714116f3b292a982238f83d2-576
            [name] => LV mono nano Noe parcel
            [length] => 7.87
            [width] => 7.87
            [height] => 0.79
            [inner_padding] => 0
            [volume] => 48.930151
            [distance_unit] => in
            [mass_unit] => lbs
            [weight] => 0.22
            [enabled] => 1
            [type] => parcel
            [from_product] => 1
        )

    [1] => Array
        (
            [ID] => item-key-8b16ebc056e613024c057be590b542eb-569
            [name] => LV vintage damier Kelly parcel
            [length] => 7.87
            [width] => 7.87
            [height] => 0.79
            [inner_padding] => 0
            [volume] => 48.930151
            [distance_unit] => in
            [mass_unit] => lbs
            [weight] => 0.22
            [enabled] => 1
            [type] => parcel
            [from_product] => 1
        )

)
 CONTEXT: {"_legacy":true}
2025-07-27T07:49:33+00:00 NOTICE Started to fill the packages CONTEXT: {"_legacy":true}
2025-07-27T07:49:33+00:00 NOTICE Created the boxes:Array
(
    [0] => Array
        (
            [id] => parcel-item-key-8b16ebc056e613024c057be590b542eb-569-0
            [name] => LV vintage damier Kelly parcel
            [length] => 7.87
            [width] => 7.87
            [height] => 0.79
            [distance_unit] => in
            [mass_unit] => lbs
            [weight] => 0.22
            [volume] => 48.93
            [insurance] => no
            [signature] => no
            [amount] => 78800000
            [filled] => Array
                (
                    [a7aeed74714116f3b292a982238f83d2] => Array
                        (
                            [item_key] => a7aeed74714116f3b292a982238f83d2
                            [product_id] => 576
                            [product_name] => LV mono nano Noe
                            [height] => 0
                            [weight] => 0
                            [width] => 0
                            [length] => 0
                            [volume] => 0
                            [amount] => 49900000
                            [tariff_number] => 
                            [country_origin] => VN
                            [quantity] => 1
                        )

                    [8b16ebc056e613024c057be590b542eb] => Array
                        (
                            [item_key] => 8b16ebc056e613024c057be590b542eb
                            [product_id] => 569
                            [product_name] => LV vintage damier Kelly
                            [height] => 0
                            [weight] => 0
                            [width] => 0
                            [length] => 0
                            [volume] => 0
                            [amount] => 28900000
                            [tariff_number] => 
                            [country_origin] => VN
                            [quantity] => 1
                        )

                )

        )

)
 CONTEXT: {"_legacy":true}
2025-07-27T07:49:33+00:00 NOTICE Combined box:Array
(
    [0] => Array
        (
            [id] => combined_box
            [length] => 7.87
            [width] => 7.87
            [height] => 0.79
            [volume] => 48.93
            [amount] => 78800000
            [distance_unit] => in
            [mass_unit] => lbs
            [insurance] => no
            [signature] => no
            [weight] => 0.22
            [filled] => Array
                (
                    [a7aeed74714116f3b292a982238f83d2] => Array
                        (
                            [item_key] => a7aeed74714116f3b292a982238f83d2
                            [product_id] => 576
                            [product_name] => LV mono nano Noe
                            [height] => 0
                            [weight] => 0
                            [width] => 0
                            [length] => 0
                            [volume] => 0
                            [amount] => 49900000
                            [tariff_number] => 
                            [country_origin] => VN
                            [quantity] => 1
                        )

                    [8b16ebc056e613024c057be590b542eb] => Array
                        (
                            [item_key] => 8b16ebc056e613024c057be590b542eb
                            [product_id] => 569
                            [product_name] => LV vintage damier Kelly
                            [height] => 0
                            [weight] => 0
                            [width] => 0
                            [length] => 0
                            [volume] => 0
                            [amount] => 28900000
                            [tariff_number] => 
                            [country_origin] => VN
                            [quantity] => 1
                        )

                )

        )

)
 CONTEXT: {"_legacy":true}
2025-07-27T07:49:33+00:00 NOTICE Parcel filled:Array
(
    [0] => Array
        (
            [id] => combined_box
            [length] => 7.87
            [width] => 7.87
            [height] => 0.79
            [volume] => 48.93
            [amount] => 78800000
            [distance_unit] => in
            [mass_unit] => lbs
            [insurance] => no
            [signature] => no
            [weight] => 0.22
            [filled] => Array
                (
                    [a7aeed74714116f3b292a982238f83d2] => Array
                        (
                            [item_key] => a7aeed74714116f3b292a982238f83d2
                            [product_id] => 576
                            [product_name] => LV mono nano Noe
                            [height] => 0
                            [weight] => 0
                            [width] => 0
                            [length] => 0
                            [volume] => 0
                            [amount] => 49900000
                            [tariff_number] => 
                            [country_origin] => VN
                            [quantity] => 1
                        )

                    [8b16ebc056e613024c057be590b542eb] => Array
                        (
                            [item_key] => 8b16ebc056e613024c057be590b542eb
                            [product_id] => 569
                            [product_name] => LV vintage damier Kelly
                            [height] => 0
                            [weight] => 0
                            [width] => 0
                            [length] => 0
                            [volume] => 0
                            [amount] => 28900000
                            [tariff_number] => 
                            [country_origin] => VN
                            [quantity] => 1
                        )

                )

        )

)
 CONTEXT: {"_legacy":true}
2025-07-27T07:49:33+00:00 NOTICE Parcel Weight Adjusted:Array
(
    [id] => combined_box
    [length] => 7.87
    [width] => 7.87
    [height] => 0.79
    [volume] => 48.93
    [amount] => 78800000
    [distance_unit] => in
    [mass_unit] => lbs
    [insurance] => no
    [signature] => no
    [weight] => 0.22
    [filled] => Array
        (
            [a7aeed74714116f3b292a982238f83d2] => Array
                (
                    [item_key] => a7aeed74714116f3b292a982238f83d2
                    [product_id] => 576
                    [product_name] => LV mono nano Noe
                    [height] => 0
                    [weight] => 0
                    [width] => 0
                    [length] => 0
                    [volume] => 0
                    [amount] => 49900000
                    [tariff_number] => 
                    [country_origin] => VN
                    [quantity] => 1
                )

            [8b16ebc056e613024c057be590b542eb] => Array
                (
                    [item_key] => 8b16ebc056e613024c057be590b542eb
                    [product_id] => 569
                    [product_name] => LV vintage damier Kelly
                    [height] => 0
                    [weight] => 0
                    [width] => 0
                    [length] => 0
                    [volume] => 0
                    [amount] => 28900000
                    [tariff_number] => 
                    [country_origin] => VN
                    [quantity] => 1
                )

        )

)
 CONTEXT: {"_legacy":true}
2025-07-27T07:49:33+00:00 NOTICE Parcel Minimum Dimension Adjusted:Array
(
    [id] => combined_box
    [length] => 7.87
    [width] => 7.87
    [height] => 0.79
    [volume] => 48.93
    [amount] => 78800000
    [distance_unit] => in
    [mass_unit] => lbs
    [insurance] => no
    [signature] => no
    [weight] => 0.22
    [filled] => Array
        (
            [a7aeed74714116f3b292a982238f83d2] => Array
                (
                    [item_key] => a7aeed74714116f3b292a982238f83d2
                    [product_id] => 576
                    [product_name] => LV mono nano Noe
                    [height] => 0
                    [weight] => 0
                    [width] => 0
                    [length] => 0
                    [volume] => 0
                    [amount] => 49900000
                    [tariff_number] => 
                    [country_origin] => VN
                    [quantity] => 1
                )

            [8b16ebc056e613024c057be590b542eb] => Array
                (
                    [item_key] => 8b16ebc056e613024c057be590b542eb
                    [product_id] => 569
                    [product_name] => LV vintage damier Kelly
                    [height] => 0
                    [weight] => 0
                    [width] => 0
                    [length] => 0
                    [volume] => 0
                    [amount] => 28900000
                    [tariff_number] => 
                    [country_origin] => VN
                    [quantity] => 1
                )

        )

)
 CONTEXT: {"_legacy":true}
2025-07-27T07:49:33+00:00 NOTICE Parcel Adjusted:Array
(
    [0] => Array
        (
            [id] => combined_box
            [length] => 7.87
            [width] => 7.87
            [height] => 0.79
            [volume] => 48.93
            [amount] => 78800000
            [distance_unit] => in
            [mass_unit] => lbs
            [insurance] => no
            [signature] => no
            [weight] => 0.22
            [filled] => Array
                (
                    [a7aeed74714116f3b292a982238f83d2] => Array
                        (
                            [item_key] => a7aeed74714116f3b292a982238f83d2
                            [product_id] => 576
                            [product_name] => LV mono nano Noe
                            [height] => 0
                            [weight] => 0
                            [width] => 0
                            [length] => 0
                            [volume] => 0
                            [amount] => 49900000
                            [tariff_number] => 
                            [country_origin] => VN
                            [quantity] => 1
                        )

                    [8b16ebc056e613024c057be590b542eb] => Array
                        (
                            [item_key] => 8b16ebc056e613024c057be590b542eb
                            [product_id] => 569
                            [product_name] => LV vintage damier Kelly
                            [height] => 0
                            [weight] => 0
                            [width] => 0
                            [length] => 0
                            [volume] => 0
                            [amount] => 28900000
                            [tariff_number] => 
                            [country_origin] => VN
                            [quantity] => 1
                        )

                )

        )

)
 CONTEXT: {"_legacy":true}
2025-07-27T07:49:33+00:00 NOTICE Parcel process ended CONTEXT: {"_legacy":true}
2025-07-27T07:49:33+00:00 NOTICE Parcels found Array
(
    [0] => Array
        (
            [id] => combined_box
            [length] => 7.87
            [width] => 7.87
            [height] => 0.79
            [volume] => 48.93
            [amount] => 78800000
            [distance_unit] => in
            [mass_unit] => lbs
            [insurance] => no
            [signature] => no
            [weight] => 0.22
            [filled] => Array
                (
                    [a7aeed74714116f3b292a982238f83d2] => Array
                        (
                            [item_key] => a7aeed74714116f3b292a982238f83d2
                            [product_id] => 576
                            [product_name] => LV mono nano Noe
                            [height] => 0
                            [weight] => 0
                            [width] => 0
                            [length] => 0
                            [volume] => 0
                            [amount] => 49900000
                            [tariff_number] => 
                            [country_origin] => VN
                            [quantity] => 1
                        )

                    [8b16ebc056e613024c057be590b542eb] => Array
                        (
                            [item_key] => 8b16ebc056e613024c057be590b542eb
                            [product_id] => 569
                            [product_name] => LV vintage damier Kelly
                            [height] => 0
                            [weight] => 0
                            [width] => 0
                            [length] => 0
                            [volume] => 0
                            [amount] => 28900000
                            [tariff_number] => 
                            [country_origin] => VN
                            [quantity] => 1
                        )

                )

        )

)
 CONTEXT: {"_legacy":true}
2025-07-27T07:49:33+00:00 NOTICE Detected zone  CONTEXT: {"_legacy":true}
2025-07-27T07:49:33+00:00 NOTICE Found this owner address Array
(
    [country_state] => 
    [country] => 
    [state] => 
    [street1] => 
    [street2] => 
    [zip] => 
)
 CONTEXT: {"_legacy":true}
2025-07-27T07:49:33+00:00 NOTICE Require a shipment Array
(
    [address_from] => Array
        (
            [country_state] => 
            [country] => 
            [state] => 
            [street1] => 
            [street2] => 
            [zip] => 
        )

    [async] => 
    [currency] => VND
    [address_to] => Array
        (
            [name] =>  
            [company] => 
            [street1] => 
            [city] => 
            [state] => 
            [zip] => 
            [country] => VN
            [phone] => 
            [email] => 
            [is_residential] => 1
        )

    [customs_declaration] => Array
        (
            [certify] => 1
            [non_delivery_option] => RETURN
            [certify_signer] => Shipper
            [contents_type] => MERCHANDISE
            [contents_explanation] => Merchandise
            [items] => Array
                (
                    [0] => Array
                        (
                            [description] => LV mono nano Noe
                            [quantity] => 1
                            [value_amount] => 49900000
                            [net_weight] => 0.01
                            [value_currency] => VND
                            [origin_country] => VN
                            [tariff_number] => 
                            [mass_unit] => lb
                        )

                    [1] => Array
                        (
                            [description] => LV vintage damier Kelly
                            [quantity] => 1
                            [value_amount] => 28900000
                            [net_weight] => 0.01
                            [value_currency] => VND
                            [origin_country] => VN
                            [tariff_number] => 
                            [mass_unit] => lb
                        )

                )

        )

    [parcels] => Array
        (
            [0] => Array
                (
                    [length] => 7.87
                    [width] => 7.87
                    [height] => 0.79
                    [distance_unit] => in
                    [mass_unit] => lbs
                    [weight] => 0.22
                )

        )

)
 CONTEXT: {"_legacy":true}
2025-07-27T07:49:33+00:00 NOTICE Error on calculate shippings :No credentials provided. CONTEXT: {"_legacy":true}
2025-07-27T07:49:33+00:00 NOTICE Calculate shipping CONTEXT: {"_legacy":true}
2025-07-27T07:49:33+00:00 NOTICE Start to calculate parcel boxes on cart CONTEXT: {"_legacy":true}
2025-07-27T07:49:33+00:00 NOTICE Enabled parcels defined on settings: Array
(
)
 CONTEXT: {"_legacy":true}
2025-07-27T07:49:33+00:00 NOTICE No parcels found. Starting to create parcels from single products. CONTEXT: {"_legacy":true}
2025-07-27T07:49:33+00:00 NOTICE Parcels created from single products: Array
(
    [0] => Array
        (
            [ID] => item-key-a7aeed74714116f3b292a982238f83d2-576
            [name] => LV mono nano Noe parcel
            [length] => 7.87
            [width] => 7.87
            [height] => 0.79
            [inner_padding] => 0
            [volume] => 48.930151
            [distance_unit] => in
            [mass_unit] => lbs
            [weight] => 0.22
            [enabled] => 1
            [type] => parcel
            [from_product] => 1
        )

    [1] => Array
        (
            [ID] => item-key-8b16ebc056e613024c057be590b542eb-569
            [name] => LV vintage damier Kelly parcel
            [length] => 7.87
            [width] => 7.87
            [height] => 0.79
            [inner_padding] => 0
            [volume] => 48.930151
            [distance_unit] => in
            [mass_unit] => lbs
            [weight] => 0.22
            [enabled] => 1
            [type] => parcel
            [from_product] => 1
        )

)
 CONTEXT: {"_legacy":true}
2025-07-27T07:49:33+00:00 NOTICE Started to fill the packages CONTEXT: {"_legacy":true}
2025-07-27T07:49:33+00:00 NOTICE Created the boxes:Array
(
    [0] => Array
        (
            [id] => parcel-item-key-8b16ebc056e613024c057be590b542eb-569-0
            [name] => LV vintage damier Kelly parcel
            [length] => 7.87
            [width] => 7.87
            [height] => 0.79
            [distance_unit] => in
            [mass_unit] => lbs
            [weight] => 0.22
            [volume] => 48.93
            [insurance] => no
            [signature] => no
            [amount] => 78800000
            [filled] => Array
                (
                    [a7aeed74714116f3b292a982238f83d2] => Array
                        (
                            [item_key] => a7aeed74714116f3b292a982238f83d2
                            [product_id] => 576
                            [product_name] => LV mono nano Noe
                            [height] => 0
                            [weight] => 0
                            [width] => 0
                            [length] => 0
                            [volume] => 0
                            [amount] => 49900000
                            [tariff_number] => 
                            [country_origin] => VN
                            [quantity] => 1
                        )

                    [8b16ebc056e613024c057be590b542eb] => Array
                        (
                            [item_key] => 8b16ebc056e613024c057be590b542eb
                            [product_id] => 569
                            [product_name] => LV vintage damier Kelly
                            [height] => 0
                            [weight] => 0
                            [width] => 0
                            [length] => 0
                            [volume] => 0
                            [amount] => 28900000
                            [tariff_number] => 
                            [country_origin] => VN
                            [quantity] => 1
                        )

                )

        )

)
 CONTEXT: {"_legacy":true}
2025-07-27T07:49:33+00:00 NOTICE Combined box:Array
(
    [0] => Array
        (
            [id] => combined_box
            [length] => 7.87
            [width] => 7.87
            [height] => 0.79
            [volume] => 48.93
            [amount] => 78800000
            [distance_unit] => in
            [mass_unit] => lbs
            [insurance] => no
            [signature] => no
            [weight] => 0.22
            [filled] => Array
                (
                    [a7aeed74714116f3b292a982238f83d2] => Array
                        (
                            [item_key] => a7aeed74714116f3b292a982238f83d2
                            [product_id] => 576
                            [product_name] => LV mono nano Noe
                            [height] => 0
                            [weight] => 0
                            [width] => 0
                            [length] => 0
                            [volume] => 0
                            [amount] => 49900000
                            [tariff_number] => 
                            [country_origin] => VN
                            [quantity] => 1
                        )

                    [8b16ebc056e613024c057be590b542eb] => Array
                        (
                            [item_key] => 8b16ebc056e613024c057be590b542eb
                            [product_id] => 569
                            [product_name] => LV vintage damier Kelly
                            [height] => 0
                            [weight] => 0
                            [width] => 0
                            [length] => 0
                            [volume] => 0
                            [amount] => 28900000
                            [tariff_number] => 
                            [country_origin] => VN
                            [quantity] => 1
                        )

                )

        )

)
 CONTEXT: {"_legacy":true}
2025-07-27T07:49:33+00:00 NOTICE Parcel filled:Array
(
    [0] => Array
        (
            [id] => combined_box
            [length] => 7.87
            [width] => 7.87
            [height] => 0.79
            [volume] => 48.93
            [amount] => 78800000
            [distance_unit] => in
            [mass_unit] => lbs
            [insurance] => no
            [signature] => no
            [weight] => 0.22
            [filled] => Array
                (
                    [a7aeed74714116f3b292a982238f83d2] => Array
                        (
                            [item_key] => a7aeed74714116f3b292a982238f83d2
                            [product_id] => 576
                            [product_name] => LV mono nano Noe
                            [height] => 0
                            [weight] => 0
                            [width] => 0
                            [length] => 0
                            [volume] => 0
                            [amount] => 49900000
                            [tariff_number] => 
                            [country_origin] => VN
                            [quantity] => 1
                        )

                    [8b16ebc056e613024c057be590b542eb] => Array
                        (
                            [item_key] => 8b16ebc056e613024c057be590b542eb
                            [product_id] => 569
                            [product_name] => LV vintage damier Kelly
                            [height] => 0
                            [weight] => 0
                            [width] => 0
                            [length] => 0
                            [volume] => 0
                            [amount] => 28900000
                            [tariff_number] => 
                            [country_origin] => VN
                            [quantity] => 1
                        )

                )

        )

)
 CONTEXT: {"_legacy":true}
2025-07-27T07:49:33+00:00 NOTICE Parcel Weight Adjusted:Array
(
    [id] => combined_box
    [length] => 7.87
    [width] => 7.87
    [height] => 0.79
    [volume] => 48.93
    [amount] => 78800000
    [distance_unit] => in
    [mass_unit] => lbs
    [insurance] => no
    [signature] => no
    [weight] => 0.22
    [filled] => Array
        (
            [a7aeed74714116f3b292a982238f83d2] => Array
                (
                    [item_key] => a7aeed74714116f3b292a982238f83d2
                    [product_id] => 576
                    [product_name] => LV mono nano Noe
                    [height] => 0
                    [weight] => 0
                    [width] => 0
                    [length] => 0
                    [volume] => 0
                    [amount] => 49900000
                    [tariff_number] => 
                    [country_origin] => VN
                    [quantity] => 1
                )

            [8b16ebc056e613024c057be590b542eb] => Array
                (
                    [item_key] => 8b16ebc056e613024c057be590b542eb
                    [product_id] => 569
                    [product_name] => LV vintage damier Kelly
                    [height] => 0
                    [weight] => 0
                    [width] => 0
                    [length] => 0
                    [volume] => 0
                    [amount] => 28900000
                    [tariff_number] => 
                    [country_origin] => VN
                    [quantity] => 1
                )

        )

)
 CONTEXT: {"_legacy":true}
2025-07-27T07:49:33+00:00 NOTICE Parcel Minimum Dimension Adjusted:Array
(
    [id] => combined_box
    [length] => 7.87
    [width] => 7.87
    [height] => 0.79
    [volume] => 48.93
    [amount] => 78800000
    [distance_unit] => in
    [mass_unit] => lbs
    [insurance] => no
    [signature] => no
    [weight] => 0.22
    [filled] => Array
        (
            [a7aeed74714116f3b292a982238f83d2] => Array
                (
                    [item_key] => a7aeed74714116f3b292a982238f83d2
                    [product_id] => 576
                    [product_name] => LV mono nano Noe
                    [height] => 0
                    [weight] => 0
                    [width] => 0
                    [length] => 0
                    [volume] => 0
                    [amount] => 49900000
                    [tariff_number] => 
                    [country_origin] => VN
                    [quantity] => 1
                )

            [8b16ebc056e613024c057be590b542eb] => Array
                (
                    [item_key] => 8b16ebc056e613024c057be590b542eb
                    [product_id] => 569
                    [product_name] => LV vintage damier Kelly
                    [height] => 0
                    [weight] => 0
                    [width] => 0
                    [length] => 0
                    [volume] => 0
                    [amount] => 28900000
                    [tariff_number] => 
                    [country_origin] => VN
                    [quantity] => 1
                )

        )

)
 CONTEXT: {"_legacy":true}
2025-07-27T07:49:33+00:00 NOTICE Parcel Adjusted:Array
(
    [0] => Array
        (
            [id] => combined_box
            [length] => 7.87
            [width] => 7.87
            [height] => 0.79
            [volume] => 48.93
            [amount] => 78800000
            [distance_unit] => in
            [mass_unit] => lbs
            [insurance] => no
            [signature] => no
            [weight] => 0.22
            [filled] => Array
                (
                    [a7aeed74714116f3b292a982238f83d2] => Array
                        (
                            [item_key] => a7aeed74714116f3b292a982238f83d2
                            [product_id] => 576
                            [product_name] => LV mono nano Noe
                            [height] => 0
                            [weight] => 0
                            [width] => 0
                            [length] => 0
                            [volume] => 0
                            [amount] => 49900000
                            [tariff_number] => 
                            [country_origin] => VN
                            [quantity] => 1
                        )

                    [8b16ebc056e613024c057be590b542eb] => Array
                        (
                            [item_key] => 8b16ebc056e613024c057be590b542eb
                            [product_id] => 569
                            [product_name] => LV vintage damier Kelly
                            [height] => 0
                            [weight] => 0
                            [width] => 0
                            [length] => 0
                            [volume] => 0
                            [amount] => 28900000
                            [tariff_number] => 
                            [country_origin] => VN
                            [quantity] => 1
                        )

                )

        )

)
 CONTEXT: {"_legacy":true}
2025-07-27T07:49:33+00:00 NOTICE Parcel process ended CONTEXT: {"_legacy":true}
2025-07-27T07:49:33+00:00 NOTICE Parcels found Array
(
    [0] => Array
        (
            [id] => combined_box
            [length] => 7.87
            [width] => 7.87
            [height] => 0.79
            [volume] => 48.93
            [amount] => 78800000
            [distance_unit] => in
            [mass_unit] => lbs
            [insurance] => no
            [signature] => no
            [weight] => 0.22
            [filled] => Array
                (
                    [a7aeed74714116f3b292a982238f83d2] => Array
                        (
                            [item_key] => a7aeed74714116f3b292a982238f83d2
                            [product_id] => 576
                            [product_name] => LV mono nano Noe
                            [height] => 0
                            [weight] => 0
                            [width] => 0
                            [length] => 0
                            [volume] => 0
                            [amount] => 49900000
                            [tariff_number] => 
                            [country_origin] => VN
                            [quantity] => 1
                        )

                    [8b16ebc056e613024c057be590b542eb] => Array
                        (
                            [item_key] => 8b16ebc056e613024c057be590b542eb
                            [product_id] => 569
                            [product_name] => LV vintage damier Kelly
                            [height] => 0
                            [weight] => 0
                            [width] => 0
                            [length] => 0
                            [volume] => 0
                            [amount] => 28900000
                            [tariff_number] => 
                            [country_origin] => VN
                            [quantity] => 1
                        )

                )

        )

)
 CONTEXT: {"_legacy":true}
2025-07-27T07:49:33+00:00 NOTICE Detected zone  CONTEXT: {"_legacy":true}
2025-07-27T07:49:33+00:00 NOTICE Found this owner address Array
(
    [country_state] => 
    [country] => 
    [state] => 
    [street1] => 
    [street2] => 
    [zip] => 
)
 CONTEXT: {"_legacy":true}
2025-07-27T07:49:33+00:00 NOTICE Require a shipment Array
(
    [address_from] => Array
        (
            [country_state] => 
            [country] => 
            [state] => 
            [street1] => 
            [street2] => 
            [zip] => 
        )

    [async] => 
    [currency] => VND
    [address_to] => Array
        (
            [name] =>  
            [company] => 
            [street1] => 
            [city] => 
            [state] => 
            [zip] => 
            [country] => VN
            [phone] => 
            [email] => 
            [is_residential] => 1
        )

    [customs_declaration] => Array
        (
            [certify] => 1
            [non_delivery_option] => RETURN
            [certify_signer] => Shipper
            [contents_type] => MERCHANDISE
            [contents_explanation] => Merchandise
            [items] => Array
                (
                    [0] => Array
                        (
                            [description] => LV mono nano Noe
                            [quantity] => 1
                            [value_amount] => 49900000
                            [net_weight] => 0.01
                            [value_currency] => VND
                            [origin_country] => VN
                            [tariff_number] => 
                            [mass_unit] => lb
                        )

                    [1] => Array
                        (
                            [description] => LV vintage damier Kelly
                            [quantity] => 1
                            [value_amount] => 28900000
                            [net_weight] => 0.01
                            [value_currency] => VND
                            [origin_country] => VN
                            [tariff_number] => 
                            [mass_unit] => lb
                        )

                )

        )

    [parcels] => Array
        (
            [0] => Array
                (
                    [length] => 7.87
                    [width] => 7.87
                    [height] => 0.79
                    [distance_unit] => in
                    [mass_unit] => lbs
                    [weight] => 0.22
                )

        )

)
 CONTEXT: {"_legacy":true}
2025-07-27T07:49:33+00:00 NOTICE Error on calculate shippings :No credentials provided. CONTEXT: {"_legacy":true}
2025-07-27T07:49:36+00:00 NOTICE Calculate shipping CONTEXT: {"_legacy":true}
2025-07-27T07:49:36+00:00 NOTICE Start to calculate parcel boxes on cart CONTEXT: {"_legacy":true}
2025-07-27T07:49:36+00:00 NOTICE Enabled parcels defined on settings: Array
(
)
 CONTEXT: {"_legacy":true}
2025-07-27T07:49:36+00:00 NOTICE No parcels found. Starting to create parcels from single products. CONTEXT: {"_legacy":true}
2025-07-27T07:49:36+00:00 NOTICE Parcels created from single products: Array
(
    [0] => Array
        (
            [ID] => item-key-a7aeed74714116f3b292a982238f83d2-576
            [name] => LV mono nano Noe parcel
            [length] => 7.87
            [width] => 7.87
            [height] => 0.79
            [inner_padding] => 0
            [volume] => 48.930151
            [distance_unit] => in
            [mass_unit] => lbs
            [weight] => 0.22
            [enabled] => 1
            [type] => parcel
            [from_product] => 1
        )

    [1] => Array
        (
            [ID] => item-key-8b16ebc056e613024c057be590b542eb-569
            [name] => LV vintage damier Kelly parcel
            [length] => 7.87
            [width] => 7.87
            [height] => 0.79
            [inner_padding] => 0
            [volume] => 48.930151
            [distance_unit] => in
            [mass_unit] => lbs
            [weight] => 0.22
            [enabled] => 1
            [type] => parcel
            [from_product] => 1
        )

    [2] => Array
        (
            [ID] => item-key-b534ba68236ba543ae44b22bd110a1d6-496
            [name] => LV vintage Mono Pochette parcel
            [length] => 7.87
            [width] => 7.87
            [height] => 0.79
            [inner_padding] => 0
            [volume] => 48.930151
            [distance_unit] => in
            [mass_unit] => lbs
            [weight] => 0.22
            [enabled] => 1
            [type] => parcel
            [from_product] => 1
        )

)
 CONTEXT: {"_legacy":true}
2025-07-27T07:49:36+00:00 NOTICE Started to fill the packages CONTEXT: {"_legacy":true}
2025-07-27T07:49:36+00:00 NOTICE Created the boxes:Array
(
    [0] => Array
        (
            [id] => parcel-item-key-b534ba68236ba543ae44b22bd110a1d6-496-0
            [name] => LV vintage Mono Pochette parcel
            [length] => 7.87
            [width] => 7.87
            [height] => 0.79
            [distance_unit] => in
            [mass_unit] => lbs
            [weight] => 0.22
            [volume] => 48.93
            [insurance] => no
            [signature] => no
            [amount] => 98700000
            [filled] => Array
                (
                    [a7aeed74714116f3b292a982238f83d2] => Array
                        (
                            [item_key] => a7aeed74714116f3b292a982238f83d2
                            [product_id] => 576
                            [product_name] => LV mono nano Noe
                            [height] => 0
                            [weight] => 0
                            [width] => 0
                            [length] => 0
                            [volume] => 0
                            [amount] => 49900000
                            [tariff_number] => 
                            [country_origin] => VN
                            [quantity] => 1
                        )

                    [8b16ebc056e613024c057be590b542eb] => Array
                        (
                            [item_key] => 8b16ebc056e613024c057be590b542eb
                            [product_id] => 569
                            [product_name] => LV vintage damier Kelly
                            [height] => 0
                            [weight] => 0
                            [width] => 0
                            [length] => 0
                            [volume] => 0
                            [amount] => 28900000
                            [tariff_number] => 
                            [country_origin] => VN
                            [quantity] => 1
                        )

                    [b534ba68236ba543ae44b22bd110a1d6] => Array
                        (
                            [item_key] => b534ba68236ba543ae44b22bd110a1d6
                            [product_id] => 496
                            [product_name] => LV vintage Mono Pochette
                            [height] => 0
                            [weight] => 0
                            [width] => 0
                            [length] => 0
                            [volume] => 0
                            [amount] => 19900000
                            [tariff_number] => 
                            [country_origin] => VN
                            [quantity] => 1
                        )

                )

        )

)
 CONTEXT: {"_legacy":true}
2025-07-27T07:49:36+00:00 NOTICE Combined box:Array
(
    [0] => Array
        (
            [id] => combined_box
            [length] => 7.87
            [width] => 7.87
            [height] => 0.79
            [volume] => 48.93
            [amount] => 98700000
            [distance_unit] => in
            [mass_unit] => lbs
            [insurance] => no
            [signature] => no
            [weight] => 0.22
            [filled] => Array
                (
                    [a7aeed74714116f3b292a982238f83d2] => Array
                        (
                            [item_key] => a7aeed74714116f3b292a982238f83d2
                            [product_id] => 576
                            [product_name] => LV mono nano Noe
                            [height] => 0
                            [weight] => 0
                            [width] => 0
                            [length] => 0
                            [volume] => 0
                            [amount] => 49900000
                            [tariff_number] => 
                            [country_origin] => VN
                            [quantity] => 1
                        )

                    [8b16ebc056e613024c057be590b542eb] => Array
                        (
                            [item_key] => 8b16ebc056e613024c057be590b542eb
                            [product_id] => 569
                            [product_name] => LV vintage damier Kelly
                            [height] => 0
                            [weight] => 0
                            [width] => 0
                            [length] => 0
                            [volume] => 0
                            [amount] => 28900000
                            [tariff_number] => 
                            [country_origin] => VN
                            [quantity] => 1
                        )

                    [b534ba68236ba543ae44b22bd110a1d6] => Array
                        (
                            [item_key] => b534ba68236ba543ae44b22bd110a1d6
                            [product_id] => 496
                            [product_name] => LV vintage Mono Pochette
                            [height] => 0
                            [weight] => 0
                            [width] => 0
                            [length] => 0
                            [volume] => 0
                            [amount] => 19900000
                            [tariff_number] => 
                            [country_origin] => VN
                            [quantity] => 1
                        )

                )

        )

)
 CONTEXT: {"_legacy":true}
2025-07-27T07:49:36+00:00 NOTICE Parcel filled:Array
(
    [0] => Array
        (
            [id] => combined_box
            [length] => 7.87
            [width] => 7.87
            [height] => 0.79
            [volume] => 48.93
            [amount] => 98700000
            [distance_unit] => in
            [mass_unit] => lbs
            [insurance] => no
            [signature] => no
            [weight] => 0.22
            [filled] => Array
                (
                    [a7aeed74714116f3b292a982238f83d2] => Array
                        (
                            [item_key] => a7aeed74714116f3b292a982238f83d2
                            [product_id] => 576
                            [product_name] => LV mono nano Noe
                            [height] => 0
                            [weight] => 0
                            [width] => 0
                            [length] => 0
                            [volume] => 0
                            [amount] => 49900000
                            [tariff_number] => 
                            [country_origin] => VN
                            [quantity] => 1
                        )

                    [8b16ebc056e613024c057be590b542eb] => Array
                        (
                            [item_key] => 8b16ebc056e613024c057be590b542eb
                            [product_id] => 569
                            [product_name] => LV vintage damier Kelly
                            [height] => 0
                            [weight] => 0
                            [width] => 0
                            [length] => 0
                            [volume] => 0
                            [amount] => 28900000
                            [tariff_number] => 
                            [country_origin] => VN
                            [quantity] => 1
                        )

                    [b534ba68236ba543ae44b22bd110a1d6] => Array
                        (
                            [item_key] => b534ba68236ba543ae44b22bd110a1d6
                            [product_id] => 496
                            [product_name] => LV vintage Mono Pochette
                            [height] => 0
                            [weight] => 0
                            [width] => 0
                            [length] => 0
                            [volume] => 0
                            [amount] => 19900000
                            [tariff_number] => 
                            [country_origin] => VN
                            [quantity] => 1
                        )

                )

        )

)
 CONTEXT: {"_legacy":true}
2025-07-27T07:49:36+00:00 NOTICE Parcel Weight Adjusted:Array
(
    [id] => combined_box
    [length] => 7.87
    [width] => 7.87
    [height] => 0.79
    [volume] => 48.93
    [amount] => 98700000
    [distance_unit] => in
    [mass_unit] => lbs
    [insurance] => no
    [signature] => no
    [weight] => 0.22
    [filled] => Array
        (
            [a7aeed74714116f3b292a982238f83d2] => Array
                (
                    [item_key] => a7aeed74714116f3b292a982238f83d2
                    [product_id] => 576
                    [product_name] => LV mono nano Noe
                    [height] => 0
                    [weight] => 0
                    [width] => 0
                    [length] => 0
                    [volume] => 0
                    [amount] => 49900000
                    [tariff_number] => 
                    [country_origin] => VN
                    [quantity] => 1
                )

            [8b16ebc056e613024c057be590b542eb] => Array
                (
                    [item_key] => 8b16ebc056e613024c057be590b542eb
                    [product_id] => 569
                    [product_name] => LV vintage damier Kelly
                    [height] => 0
                    [weight] => 0
                    [width] => 0
                    [length] => 0
                    [volume] => 0
                    [amount] => 28900000
                    [tariff_number] => 
                    [country_origin] => VN
                    [quantity] => 1
                )

            [b534ba68236ba543ae44b22bd110a1d6] => Array
                (
                    [item_key] => b534ba68236ba543ae44b22bd110a1d6
                    [product_id] => 496
                    [product_name] => LV vintage Mono Pochette
                    [height] => 0
                    [weight] => 0
                    [width] => 0
                    [length] => 0
                    [volume] => 0
                    [amount] => 19900000
                    [tariff_number] => 
                    [country_origin] => VN
                    [quantity] => 1
                )

        )

)
 CONTEXT: {"_legacy":true}
2025-07-27T07:49:36+00:00 NOTICE Parcel Minimum Dimension Adjusted:Array
(
    [id] => combined_box
    [length] => 7.87
    [width] => 7.87
    [height] => 0.79
    [volume] => 48.93
    [amount] => 98700000
    [distance_unit] => in
    [mass_unit] => lbs
    [insurance] => no
    [signature] => no
    [weight] => 0.22
    [filled] => Array
        (
            [a7aeed74714116f3b292a982238f83d2] => Array
                (
                    [item_key] => a7aeed74714116f3b292a982238f83d2
                    [product_id] => 576
                    [product_name] => LV mono nano Noe
                    [height] => 0
                    [weight] => 0
                    [width] => 0
                    [length] => 0
                    [volume] => 0
                    [amount] => 49900000
                    [tariff_number] => 
                    [country_origin] => VN
                    [quantity] => 1
                )

            [8b16ebc056e613024c057be590b542eb] => Array
                (
                    [item_key] => 8b16ebc056e613024c057be590b542eb
                    [product_id] => 569
                    [product_name] => LV vintage damier Kelly
                    [height] => 0
                    [weight] => 0
                    [width] => 0
                    [length] => 0
                    [volume] => 0
                    [amount] => 28900000
                    [tariff_number] => 
                    [country_origin] => VN
                    [quantity] => 1
                )

            [b534ba68236ba543ae44b22bd110a1d6] => Array
                (
                    [item_key] => b534ba68236ba543ae44b22bd110a1d6
                    [product_id] => 496
                    [product_name] => LV vintage Mono Pochette
                    [height] => 0
                    [weight] => 0
                    [width] => 0
                    [length] => 0
                    [volume] => 0
                    [amount] => 19900000
                    [tariff_number] => 
                    [country_origin] => VN
                    [quantity] => 1
                )

        )

)
 CONTEXT: {"_legacy":true}
2025-07-27T07:49:36+00:00 NOTICE Parcel Adjusted:Array
(
    [0] => Array
        (
            [id] => combined_box
            [length] => 7.87
            [width] => 7.87
            [height] => 0.79
            [volume] => 48.93
            [amount] => 98700000
            [distance_unit] => in
            [mass_unit] => lbs
            [insurance] => no
            [signature] => no
            [weight] => 0.22
            [filled] => Array
                (
                    [a7aeed74714116f3b292a982238f83d2] => Array
                        (
                            [item_key] => a7aeed74714116f3b292a982238f83d2
                            [product_id] => 576
                            [product_name] => LV mono nano Noe
                            [height] => 0
                            [weight] => 0
                            [width] => 0
                            [length] => 0
                            [volume] => 0
                            [amount] => 49900000
                            [tariff_number] => 
                            [country_origin] => VN
                            [quantity] => 1
                        )

                    [8b16ebc056e613024c057be590b542eb] => Array
                        (
                            [item_key] => 8b16ebc056e613024c057be590b542eb
                            [product_id] => 569
                            [product_name] => LV vintage damier Kelly
                            [height] => 0
                            [weight] => 0
                            [width] => 0
                            [length] => 0
                            [volume] => 0
                            [amount] => 28900000
                            [tariff_number] => 
                            [country_origin] => VN
                            [quantity] => 1
                        )

                    [b534ba68236ba543ae44b22bd110a1d6] => Array
                        (
                            [item_key] => b534ba68236ba543ae44b22bd110a1d6
                            [product_id] => 496
                            [product_name] => LV vintage Mono Pochette
                            [height] => 0
                            [weight] => 0
                            [width] => 0
                            [length] => 0
                            [volume] => 0
                            [amount] => 19900000
                            [tariff_number] => 
                            [country_origin] => VN
                            [quantity] => 1
                        )

                )

        )

)
 CONTEXT: {"_legacy":true}
2025-07-27T07:49:36+00:00 NOTICE Parcel process ended CONTEXT: {"_legacy":true}
2025-07-27T07:49:36+00:00 NOTICE Parcels found Array
(
    [0] => Array
        (
            [id] => combined_box
            [length] => 7.87
            [width] => 7.87
            [height] => 0.79
            [volume] => 48.93
            [amount] => 98700000
            [distance_unit] => in
            [mass_unit] => lbs
            [insurance] => no
            [signature] => no
            [weight] => 0.22
            [filled] => Array
                (
                    [a7aeed74714116f3b292a982238f83d2] => Array
                        (
                            [item_key] => a7aeed74714116f3b292a982238f83d2
                            [product_id] => 576
                            [product_name] => LV mono nano Noe
                            [height] => 0
                            [weight] => 0
                            [width] => 0
                            [length] => 0
                            [volume] => 0
                            [amount] => 49900000
                            [tariff_number] => 
                            [country_origin] => VN
                            [quantity] => 1
                        )

                    [8b16ebc056e613024c057be590b542eb] => Array
                        (
                            [item_key] => 8b16ebc056e613024c057be590b542eb
                            [product_id] => 569
                            [product_name] => LV vintage damier Kelly
                            [height] => 0
                            [weight] => 0
                            [width] => 0
                            [length] => 0
                            [volume] => 0
                            [amount] => 28900000
                            [tariff_number] => 
                            [country_origin] => VN
                            [quantity] => 1
                        )

                    [b534ba68236ba543ae44b22bd110a1d6] => Array
                        (
                            [item_key] => b534ba68236ba543ae44b22bd110a1d6
                            [product_id] => 496
                            [product_name] => LV vintage Mono Pochette
                            [height] => 0
                            [weight] => 0
                            [width] => 0
                            [length] => 0
                            [volume] => 0
                            [amount] => 19900000
                            [tariff_number] => 
                            [country_origin] => VN
                            [quantity] => 1
                        )

                )

        )

)
 CONTEXT: {"_legacy":true}
2025-07-27T07:49:36+00:00 NOTICE Detected zone  CONTEXT: {"_legacy":true}
2025-07-27T07:49:36+00:00 NOTICE Found this owner address Array
(
    [country_state] => 
    [country] => 
    [state] => 
    [street1] => 
    [street2] => 
    [zip] => 
)
 CONTEXT: {"_legacy":true}
2025-07-27T07:49:36+00:00 NOTICE Require a shipment Array
(
    [address_from] => Array
        (
            [country_state] => 
            [country] => 
            [state] => 
            [street1] => 
            [street2] => 
            [zip] => 
        )

    [async] => 
    [currency] => VND
    [address_to] => Array
        (
            [name] =>  
            [company] => 
            [street1] => 
            [city] => 
            [state] => 
            [zip] => 
            [country] => VN
            [phone] => 
            [email] => 
            [is_residential] => 1
        )

    [customs_declaration] => Array
        (
            [certify] => 1
            [non_delivery_option] => RETURN
            [certify_signer] => Shipper
            [contents_type] => MERCHANDISE
            [contents_explanation] => Merchandise
            [items] => Array
                (
                    [0] => Array
                        (
                            [description] => LV mono nano Noe
                            [quantity] => 1
                            [value_amount] => 49900000
                            [net_weight] => 0.01
                            [value_currency] => VND
                            [origin_country] => VN
                            [tariff_number] => 
                            [mass_unit] => lb
                        )

                    [1] => Array
                        (
                            [description] => LV vintage damier Kelly
                            [quantity] => 1
                            [value_amount] => 28900000
                            [net_weight] => 0.01
                            [value_currency] => VND
                            [origin_country] => VN
                            [tariff_number] => 
                            [mass_unit] => lb
                        )

                    [2] => Array
                        (
                            [description] => LV vintage Mono Pochette
                            [quantity] => 1
                            [value_amount] => 19900000
                            [net_weight] => 0.01
                            [value_currency] => VND
                            [origin_country] => VN
                            [tariff_number] => 
                            [mass_unit] => lb
                        )

                )

        )

    [parcels] => Array
        (
            [0] => Array
                (
                    [length] => 7.87
                    [width] => 7.87
                    [height] => 0.79
                    [distance_unit] => in
                    [mass_unit] => lbs
                    [weight] => 0.22
                )

        )

)
 CONTEXT: {"_legacy":true}
2025-07-27T07:49:36+00:00 NOTICE Error on calculate shippings :No credentials provided. CONTEXT: {"_legacy":true}
2025-07-27T07:49:36+00:00 NOTICE Calculate shipping CONTEXT: {"_legacy":true}
2025-07-27T07:49:36+00:00 NOTICE Start to calculate parcel boxes on cart CONTEXT: {"_legacy":true}
2025-07-27T07:49:36+00:00 NOTICE Enabled parcels defined on settings: Array
(
)
 CONTEXT: {"_legacy":true}
2025-07-27T07:49:36+00:00 NOTICE No parcels found. Starting to create parcels from single products. CONTEXT: {"_legacy":true}
2025-07-27T07:49:36+00:00 NOTICE Parcels created from single products: Array
(
    [0] => Array
        (
            [ID] => item-key-a7aeed74714116f3b292a982238f83d2-576
            [name] => LV mono nano Noe parcel
            [length] => 7.87
            [width] => 7.87
            [height] => 0.79
            [inner_padding] => 0
            [volume] => 48.930151
            [distance_unit] => in
            [mass_unit] => lbs
            [weight] => 0.22
            [enabled] => 1
            [type] => parcel
            [from_product] => 1
        )

    [1] => Array
        (
            [ID] => item-key-8b16ebc056e613024c057be590b542eb-569
            [name] => LV vintage damier Kelly parcel
            [length] => 7.87
            [width] => 7.87
            [height] => 0.79
            [inner_padding] => 0
            [volume] => 48.930151
            [distance_unit] => in
            [mass_unit] => lbs
            [weight] => 0.22
            [enabled] => 1
            [type] => parcel
            [from_product] => 1
        )

    [2] => Array
        (
            [ID] => item-key-b534ba68236ba543ae44b22bd110a1d6-496
            [name] => LV vintage Mono Pochette parcel
            [length] => 7.87
            [width] => 7.87
            [height] => 0.79
            [inner_padding] => 0
            [volume] => 48.930151
            [distance_unit] => in
            [mass_unit] => lbs
            [weight] => 0.22
            [enabled] => 1
            [type] => parcel
            [from_product] => 1
        )

)
 CONTEXT: {"_legacy":true}
2025-07-27T07:49:36+00:00 NOTICE Started to fill the packages CONTEXT: {"_legacy":true}
2025-07-27T07:49:36+00:00 NOTICE Created the boxes:Array
(
    [0] => Array
        (
            [id] => parcel-item-key-b534ba68236ba543ae44b22bd110a1d6-496-0
            [name] => LV vintage Mono Pochette parcel
            [length] => 7.87
            [width] => 7.87
            [height] => 0.79
            [distance_unit] => in
            [mass_unit] => lbs
            [weight] => 0.22
            [volume] => 48.93
            [insurance] => no
            [signature] => no
            [amount] => 98700000
            [filled] => Array
                (
                    [a7aeed74714116f3b292a982238f83d2] => Array
                        (
                            [item_key] => a7aeed74714116f3b292a982238f83d2
                            [product_id] => 576
                            [product_name] => LV mono nano Noe
                            [height] => 0
                            [weight] => 0
                            [width] => 0
                            [length] => 0
                            [volume] => 0
                            [amount] => 49900000
                            [tariff_number] => 
                            [country_origin] => VN
                            [quantity] => 1
                        )

                    [8b16ebc056e613024c057be590b542eb] => Array
                        (
                            [item_key] => 8b16ebc056e613024c057be590b542eb
                            [product_id] => 569
                            [product_name] => LV vintage damier Kelly
                            [height] => 0
                            [weight] => 0
                            [width] => 0
                            [length] => 0
                            [volume] => 0
                            [amount] => 28900000
                            [tariff_number] => 
                            [country_origin] => VN
                            [quantity] => 1
                        )

                    [b534ba68236ba543ae44b22bd110a1d6] => Array
                        (
                            [item_key] => b534ba68236ba543ae44b22bd110a1d6
                            [product_id] => 496
                            [product_name] => LV vintage Mono Pochette
                            [height] => 0
                            [weight] => 0
                            [width] => 0
                            [length] => 0
                            [volume] => 0
                            [amount] => 19900000
                            [tariff_number] => 
                            [country_origin] => VN
                            [quantity] => 1
                        )

                )

        )

)
 CONTEXT: {"_legacy":true}
2025-07-27T07:49:36+00:00 NOTICE Combined box:Array
(
    [0] => Array
        (
            [id] => combined_box
            [length] => 7.87
            [width] => 7.87
            [height] => 0.79
            [volume] => 48.93
            [amount] => 98700000
            [distance_unit] => in
            [mass_unit] => lbs
            [insurance] => no
            [signature] => no
            [weight] => 0.22
            [filled] => Array
                (
                    [a7aeed74714116f3b292a982238f83d2] => Array
                        (
                            [item_key] => a7aeed74714116f3b292a982238f83d2
                            [product_id] => 576
                            [product_name] => LV mono nano Noe
                            [height] => 0
                            [weight] => 0
                            [width] => 0
                            [length] => 0
                            [volume] => 0
                            [amount] => 49900000
                            [tariff_number] => 
                            [country_origin] => VN
                            [quantity] => 1
                        )

                    [8b16ebc056e613024c057be590b542eb] => Array
                        (
                            [item_key] => 8b16ebc056e613024c057be590b542eb
                            [product_id] => 569
                            [product_name] => LV vintage damier Kelly
                            [height] => 0
                            [weight] => 0
                            [width] => 0
                            [length] => 0
                            [volume] => 0
                            [amount] => 28900000
                            [tariff_number] => 
                            [country_origin] => VN
                            [quantity] => 1
                        )

                    [b534ba68236ba543ae44b22bd110a1d6] => Array
                        (
                            [item_key] => b534ba68236ba543ae44b22bd110a1d6
                            [product_id] => 496
                            [product_name] => LV vintage Mono Pochette
                            [height] => 0
                            [weight] => 0
                            [width] => 0
                            [length] => 0
                            [volume] => 0
                            [amount] => 19900000
                            [tariff_number] => 
                            [country_origin] => VN
                            [quantity] => 1
                        )

                )

        )

)
 CONTEXT: {"_legacy":true}
2025-07-27T07:49:36+00:00 NOTICE Parcel filled:Array
(
    [0] => Array
        (
            [id] => combined_box
            [length] => 7.87
            [width] => 7.87
            [height] => 0.79
            [volume] => 48.93
            [amount] => 98700000
            [distance_unit] => in
            [mass_unit] => lbs
            [insurance] => no
            [signature] => no
            [weight] => 0.22
            [filled] => Array
                (
                    [a7aeed74714116f3b292a982238f83d2] => Array
                        (
                            [item_key] => a7aeed74714116f3b292a982238f83d2
                            [product_id] => 576
                            [product_name] => LV mono nano Noe
                            [height] => 0
                            [weight] => 0
                            [width] => 0
                            [length] => 0
                            [volume] => 0
                            [amount] => 49900000
                            [tariff_number] => 
                            [country_origin] => VN
                            [quantity] => 1
                        )

                    [8b16ebc056e613024c057be590b542eb] => Array
                        (
                            [item_key] => 8b16ebc056e613024c057be590b542eb
                            [product_id] => 569
                            [product_name] => LV vintage damier Kelly
                            [height] => 0
                            [weight] => 0
                            [width] => 0
                            [length] => 0
                            [volume] => 0
                            [amount] => 28900000
                            [tariff_number] => 
                            [country_origin] => VN
                            [quantity] => 1
                        )

                    [b534ba68236ba543ae44b22bd110a1d6] => Array
                        (
                            [item_key] => b534ba68236ba543ae44b22bd110a1d6
                            [product_id] => 496
                            [product_name] => LV vintage Mono Pochette
                            [height] => 0
                            [weight] => 0
                            [width] => 0
                            [length] => 0
                            [volume] => 0
                            [amount] => 19900000
                            [tariff_number] => 
                            [country_origin] => VN
                            [quantity] => 1
                        )

                )

        )

)
 CONTEXT: {"_legacy":true}
2025-07-27T07:49:36+00:00 NOTICE Parcel Weight Adjusted:Array
(
    [id] => combined_box
    [length] => 7.87
    [width] => 7.87
    [height] => 0.79
    [volume] => 48.93
    [amount] => 98700000
    [distance_unit] => in
    [mass_unit] => lbs
    [insurance] => no
    [signature] => no
    [weight] => 0.22
    [filled] => Array
        (
            [a7aeed74714116f3b292a982238f83d2] => Array
                (
                    [item_key] => a7aeed74714116f3b292a982238f83d2
                    [product_id] => 576
                    [product_name] => LV mono nano Noe
                    [height] => 0
                    [weight] => 0
                    [width] => 0
                    [length] => 0
                    [volume] => 0
                    [amount] => 49900000
                    [tariff_number] => 
                    [country_origin] => VN
                    [quantity] => 1
                )

            [8b16ebc056e613024c057be590b542eb] => Array
                (
                    [item_key] => 8b16ebc056e613024c057be590b542eb
                    [product_id] => 569
                    [product_name] => LV vintage damier Kelly
                    [height] => 0
                    [weight] => 0
                    [width] => 0
                    [length] => 0
                    [volume] => 0
                    [amount] => 28900000
                    [tariff_number] => 
                    [country_origin] => VN
                    [quantity] => 1
                )

            [b534ba68236ba543ae44b22bd110a1d6] => Array
                (
                    [item_key] => b534ba68236ba543ae44b22bd110a1d6
                    [product_id] => 496
                    [product_name] => LV vintage Mono Pochette
                    [height] => 0
                    [weight] => 0
                    [width] => 0
                    [length] => 0
                    [volume] => 0
                    [amount] => 19900000
                    [tariff_number] => 
                    [country_origin] => VN
                    [quantity] => 1
                )

        )

)
 CONTEXT: {"_legacy":true}
2025-07-27T07:49:36+00:00 NOTICE Parcel Minimum Dimension Adjusted:Array
(
    [id] => combined_box
    [length] => 7.87
    [width] => 7.87
    [height] => 0.79
    [volume] => 48.93
    [amount] => 98700000
    [distance_unit] => in
    [mass_unit] => lbs
    [insurance] => no
    [signature] => no
    [weight] => 0.22
    [filled] => Array
        (
            [a7aeed74714116f3b292a982238f83d2] => Array
                (
                    [item_key] => a7aeed74714116f3b292a982238f83d2
                    [product_id] => 576
                    [product_name] => LV mono nano Noe
                    [height] => 0
                    [weight] => 0
                    [width] => 0
                    [length] => 0
                    [volume] => 0
                    [amount] => 49900000
                    [tariff_number] => 
                    [country_origin] => VN
                    [quantity] => 1
                )

            [8b16ebc056e613024c057be590b542eb] => Array
                (
                    [item_key] => 8b16ebc056e613024c057be590b542eb
                    [product_id] => 569
                    [product_name] => LV vintage damier Kelly
                    [height] => 0
                    [weight] => 0
                    [width] => 0
                    [length] => 0
                    [volume] => 0
                    [amount] => 28900000
                    [tariff_number] => 
                    [country_origin] => VN
                    [quantity] => 1
                )

            [b534ba68236ba543ae44b22bd110a1d6] => Array
                (
                    [item_key] => b534ba68236ba543ae44b22bd110a1d6
                    [product_id] => 496
                    [product_name] => LV vintage Mono Pochette
                    [height] => 0
                    [weight] => 0
                    [width] => 0
                    [length] => 0
                    [volume] => 0
                    [amount] => 19900000
                    [tariff_number] => 
                    [country_origin] => VN
                    [quantity] => 1
                )

        )

)
 CONTEXT: {"_legacy":true}
2025-07-27T07:49:36+00:00 NOTICE Parcel Adjusted:Array
(
    [0] => Array
        (
            [id] => combined_box
            [length] => 7.87
            [width] => 7.87
            [height] => 0.79
            [volume] => 48.93
            [amount] => 98700000
            [distance_unit] => in
            [mass_unit] => lbs
            [insurance] => no
            [signature] => no
            [weight] => 0.22
            [filled] => Array
                (
                    [a7aeed74714116f3b292a982238f83d2] => Array
                        (
                            [item_key] => a7aeed74714116f3b292a982238f83d2
                            [product_id] => 576
                            [product_name] => LV mono nano Noe
                            [height] => 0
                            [weight] => 0
                            [width] => 0
                            [length] => 0
                            [volume] => 0
                            [amount] => 49900000
                            [tariff_number] => 
                            [country_origin] => VN
                            [quantity] => 1
                        )

                    [8b16ebc056e613024c057be590b542eb] => Array
                        (
                            [item_key] => 8b16ebc056e613024c057be590b542eb
                            [product_id] => 569
                            [product_name] => LV vintage damier Kelly
                            [height] => 0
                            [weight] => 0
                            [width] => 0
                            [length] => 0
                            [volume] => 0
                            [amount] => 28900000
                            [tariff_number] => 
                            [country_origin] => VN
                            [quantity] => 1
                        )

                    [b534ba68236ba543ae44b22bd110a1d6] => Array
                        (
                            [item_key] => b534ba68236ba543ae44b22bd110a1d6
                            [product_id] => 496
                            [product_name] => LV vintage Mono Pochette
                            [height] => 0
                            [weight] => 0
                            [width] => 0
                            [length] => 0
                            [volume] => 0
                            [amount] => 19900000
                            [tariff_number] => 
                            [country_origin] => VN
                            [quantity] => 1
                        )

                )

        )

)
 CONTEXT: {"_legacy":true}
2025-07-27T07:49:36+00:00 NOTICE Parcel process ended CONTEXT: {"_legacy":true}
2025-07-27T07:49:36+00:00 NOTICE Parcels found Array
(
    [0] => Array
        (
            [id] => combined_box
            [length] => 7.87
            [width] => 7.87
            [height] => 0.79
            [volume] => 48.93
            [amount] => 98700000
            [distance_unit] => in
            [mass_unit] => lbs
            [insurance] => no
            [signature] => no
            [weight] => 0.22
            [filled] => Array
                (
                    [a7aeed74714116f3b292a982238f83d2] => Array
                        (
                            [item_key] => a7aeed74714116f3b292a982238f83d2
                            [product_id] => 576
                            [product_name] => LV mono nano Noe
                            [height] => 0
                            [weight] => 0
                            [width] => 0
                            [length] => 0
                            [volume] => 0
                            [amount] => 49900000
                            [tariff_number] => 
                            [country_origin] => VN
                            [quantity] => 1
                        )

                    [8b16ebc056e613024c057be590b542eb] => Array
                        (
                            [item_key] => 8b16ebc056e613024c057be590b542eb
                            [product_id] => 569
                            [product_name] => LV vintage damier Kelly
                            [height] => 0
                            [weight] => 0
                            [width] => 0
                            [length] => 0
                            [volume] => 0
                            [amount] => 28900000
                            [tariff_number] => 
                            [country_origin] => VN
                            [quantity] => 1
                        )

                    [b534ba68236ba543ae44b22bd110a1d6] => Array
                        (
                            [item_key] => b534ba68236ba543ae44b22bd110a1d6
                            [product_id] => 496
                            [product_name] => LV vintage Mono Pochette
                            [height] => 0
                            [weight] => 0
                            [width] => 0
                            [length] => 0
                            [volume] => 0
                            [amount] => 19900000
                            [tariff_number] => 
                            [country_origin] => VN
                            [quantity] => 1
                        )

                )

        )

)
 CONTEXT: {"_legacy":true}
2025-07-27T07:49:36+00:00 NOTICE Detected zone  CONTEXT: {"_legacy":true}
2025-07-27T07:49:36+00:00 NOTICE Found this owner address Array
(
    [country_state] => 
    [country] => 
    [state] => 
    [street1] => 
    [street2] => 
    [zip] => 
)
 CONTEXT: {"_legacy":true}
2025-07-27T07:49:36+00:00 NOTICE Require a shipment Array
(
    [address_from] => Array
        (
            [country_state] => 
            [country] => 
            [state] => 
            [street1] => 
            [street2] => 
            [zip] => 
        )

    [async] => 
    [currency] => VND
    [address_to] => Array
        (
            [name] =>  
            [company] => 
            [street1] => 
            [city] => 
            [state] => 
            [zip] => 
            [country] => VN
            [phone] => 
            [email] => 
            [is_residential] => 1
        )

    [customs_declaration] => Array
        (
            [certify] => 1
            [non_delivery_option] => RETURN
            [certify_signer] => Shipper
            [contents_type] => MERCHANDISE
            [contents_explanation] => Merchandise
            [items] => Array
                (
                    [0] => Array
                        (
                            [description] => LV mono nano Noe
                            [quantity] => 1
                            [value_amount] => 49900000
                            [net_weight] => 0.01
                            [value_currency] => VND
                            [origin_country] => VN
                            [tariff_number] => 
                            [mass_unit] => lb
                        )

                    [1] => Array
                        (
                            [description] => LV vintage damier Kelly
                            [quantity] => 1
                            [value_amount] => 28900000
                            [net_weight] => 0.01
                            [value_currency] => VND
                            [origin_country] => VN
                            [tariff_number] => 
                            [mass_unit] => lb
                        )

                    [2] => Array
                        (
                            [description] => LV vintage Mono Pochette
                            [quantity] => 1
                            [value_amount] => 19900000
                            [net_weight] => 0.01
                            [value_currency] => VND
                            [origin_country] => VN
                            [tariff_number] => 
                            [mass_unit] => lb
                        )

                )

        )

    [parcels] => Array
        (
            [0] => Array
                (
                    [length] => 7.87
                    [width] => 7.87
                    [height] => 0.79
                    [distance_unit] => in
                    [mass_unit] => lbs
                    [weight] => 0.22
                )

        )

)
 CONTEXT: {"_legacy":true}
2025-07-27T07:49:36+00:00 NOTICE Error on calculate shippings :No credentials provided. CONTEXT: {"_legacy":true}
2025-07-27T07:49:40+00:00 NOTICE Calculate shipping CONTEXT: {"_legacy":true}
2025-07-27T07:49:40+00:00 NOTICE Start to calculate parcel boxes on cart CONTEXT: {"_legacy":true}
2025-07-27T07:49:40+00:00 NOTICE Enabled parcels defined on settings: Array
(
)
 CONTEXT: {"_legacy":true}
2025-07-27T07:49:40+00:00 NOTICE No parcels found. Starting to create parcels from single products. CONTEXT: {"_legacy":true}
2025-07-27T07:49:40+00:00 NOTICE Parcels created from single products: Array
(
    [0] => Array
        (
            [ID] => item-key-a7aeed74714116f3b292a982238f83d2-576
            [name] => LV mono nano Noe parcel
            [length] => 7.87
            [width] => 7.87
            [height] => 0.79
            [inner_padding] => 0
            [volume] => 48.930151
            [distance_unit] => in
            [mass_unit] => lbs
            [weight] => 0.22
            [enabled] => 1
            [type] => parcel
            [from_product] => 1
        )

    [1] => Array
        (
            [ID] => item-key-8b16ebc056e613024c057be590b542eb-569
            [name] => LV vintage damier Kelly parcel
            [length] => 7.87
            [width] => 7.87
            [height] => 0.79
            [inner_padding] => 0
            [volume] => 48.930151
            [distance_unit] => in
            [mass_unit] => lbs
            [weight] => 0.22
            [enabled] => 1
            [type] => parcel
            [from_product] => 1
        )

    [2] => Array
        (
            [ID] => item-key-b534ba68236ba543ae44b22bd110a1d6-496
            [name] => LV vintage Mono Pochette parcel
            [length] => 7.87
            [width] => 7.87
            [height] => 0.79
            [inner_padding] => 0
            [volume] => 48.930151
            [distance_unit] => in
            [mass_unit] => lbs
            [weight] => 0.22
            [enabled] => 1
            [type] => parcel
            [from_product] => 1
        )

    [3] => Array
        (
            [ID] => item-key-eed5af6add95a9a6f1252739b1ad8c24-439
            [name] => LV vintage Mono Kelly parcel
            [length] => 7.87
            [width] => 7.87
            [height] => 0.79
            [inner_padding] => 0
            [volume] => 48.930151
            [distance_unit] => in
            [mass_unit] => lbs
            [weight] => 0.22
            [enabled] => 1
            [type] => parcel
            [from_product] => 1
        )

)
 CONTEXT: {"_legacy":true}
2025-07-27T07:49:40+00:00 NOTICE Started to fill the packages CONTEXT: {"_legacy":true}
2025-07-27T07:49:40+00:00 NOTICE Created the boxes:Array
(
    [0] => Array
        (
            [id] => parcel-item-key-eed5af6add95a9a6f1252739b1ad8c24-439-0
            [name] => LV vintage Mono Kelly parcel
            [length] => 7.87
            [width] => 7.87
            [height] => 0.79
            [distance_unit] => in
            [mass_unit] => lbs
            [weight] => 0.22
            [volume] => 48.93
            [insurance] => no
            [signature] => no
            [amount] => 126600000
            [filled] => Array
                (
                    [a7aeed74714116f3b292a982238f83d2] => Array
                        (
                            [item_key] => a7aeed74714116f3b292a982238f83d2
                            [product_id] => 576
                            [product_name] => LV mono nano Noe
                            [height] => 0
                            [weight] => 0
                            [width] => 0
                            [length] => 0
                            [volume] => 0
                            [amount] => 49900000
                            [tariff_number] => 
                            [country_origin] => VN
                            [quantity] => 1
                        )

                    [8b16ebc056e613024c057be590b542eb] => Array
                        (
                            [item_key] => 8b16ebc056e613024c057be590b542eb
                            [product_id] => 569
                            [product_name] => LV vintage damier Kelly
                            [height] => 0
                            [weight] => 0
                            [width] => 0
                            [length] => 0
                            [volume] => 0
                            [amount] => 28900000
                            [tariff_number] => 
                            [country_origin] => VN
                            [quantity] => 1
                        )

                    [b534ba68236ba543ae44b22bd110a1d6] => Array
                        (
                            [item_key] => b534ba68236ba543ae44b22bd110a1d6
                            [product_id] => 496
                            [product_name] => LV vintage Mono Pochette
                            [height] => 0
                            [weight] => 0
                            [width] => 0
                            [length] => 0
                            [volume] => 0
                            [amount] => 19900000
                            [tariff_number] => 
                            [country_origin] => VN
                            [quantity] => 1
                        )

                    [eed5af6add95a9a6f1252739b1ad8c24] => Array
                        (
                            [item_key] => eed5af6add95a9a6f1252739b1ad8c24
                            [product_id] => 439
                            [product_name] => LV vintage Mono Kelly
                            [height] => 0
                            [weight] => 0
                            [width] => 0
                            [length] => 0
                            [volume] => 0
                            [amount] => 27900000
                            [tariff_number] => 
                            [country_origin] => VN
                            [quantity] => 1
                        )

                )

        )

)
 CONTEXT: {"_legacy":true}
2025-07-27T07:49:40+00:00 NOTICE Combined box:Array
(
    [0] => Array
        (
            [id] => combined_box
            [length] => 7.87
            [width] => 7.87
            [height] => 0.79
            [volume] => 48.93
            [amount] => 126600000
            [distance_unit] => in
            [mass_unit] => lbs
            [insurance] => no
            [signature] => no
            [weight] => 0.22
            [filled] => Array
                (
                    [a7aeed74714116f3b292a982238f83d2] => Array
                        (
                            [item_key] => a7aeed74714116f3b292a982238f83d2
                            [product_id] => 576
                            [product_name] => LV mono nano Noe
                            [height] => 0
                            [weight] => 0
                            [width] => 0
                            [length] => 0
                            [volume] => 0
                            [amount] => 49900000
                            [tariff_number] => 
                            [country_origin] => VN
                            [quantity] => 1
                        )

                    [8b16ebc056e613024c057be590b542eb] => Array
                        (
                            [item_key] => 8b16ebc056e613024c057be590b542eb
                            [product_id] => 569
                            [product_name] => LV vintage damier Kelly
                            [height] => 0
                            [weight] => 0
                            [width] => 0
                            [length] => 0
                            [volume] => 0
                            [amount] => 28900000
                            [tariff_number] => 
                            [country_origin] => VN
                            [quantity] => 1
                        )

                    [b534ba68236ba543ae44b22bd110a1d6] => Array
                        (
                            [item_key] => b534ba68236ba543ae44b22bd110a1d6
                            [product_id] => 496
                            [product_name] => LV vintage Mono Pochette
                            [height] => 0
                            [weight] => 0
                            [width] => 0
                            [length] => 0
                            [volume] => 0
                            [amount] => 19900000
                            [tariff_number] => 
                            [country_origin] => VN
                            [quantity] => 1
                        )

                    [eed5af6add95a9a6f1252739b1ad8c24] => Array
                        (
                            [item_key] => eed5af6add95a9a6f1252739b1ad8c24
                            [product_id] => 439
                            [product_name] => LV vintage Mono Kelly
                            [height] => 0
                            [weight] => 0
                            [width] => 0
                            [length] => 0
                            [volume] => 0
                            [amount] => 27900000
                            [tariff_number] => 
                            [country_origin] => VN
                            [quantity] => 1
                        )

                )

        )

)
 CONTEXT: {"_legacy":true}
2025-07-27T07:49:40+00:00 NOTICE Parcel filled:Array
(
    [0] => Array
        (
            [id] => combined_box
            [length] => 7.87
            [width] => 7.87
            [height] => 0.79
            [volume] => 48.93
            [amount] => 126600000
            [distance_unit] => in
            [mass_unit] => lbs
            [insurance] => no
            [signature] => no
            [weight] => 0.22
            [filled] => Array
                (
                    [a7aeed74714116f3b292a982238f83d2] => Array
                        (
                            [item_key] => a7aeed74714116f3b292a982238f83d2
                            [product_id] => 576
                            [product_name] => LV mono nano Noe
                            [height] => 0
                            [weight] => 0
                            [width] => 0
                            [length] => 0
                            [volume] => 0
                            [amount] => 49900000
                            [tariff_number] => 
                            [country_origin] => VN
                            [quantity] => 1
                        )

                    [8b16ebc056e613024c057be590b542eb] => Array
                        (
                            [item_key] => 8b16ebc056e613024c057be590b542eb
                            [product_id] => 569
                            [product_name] => LV vintage damier Kelly
                            [height] => 0
                            [weight] => 0
                            [width] => 0
                            [length] => 0
                            [volume] => 0
                            [amount] => 28900000
                            [tariff_number] => 
                            [country_origin] => VN
                            [quantity] => 1
                        )

                    [b534ba68236ba543ae44b22bd110a1d6] => Array
                        (
                            [item_key] => b534ba68236ba543ae44b22bd110a1d6
                            [product_id] => 496
                            [product_name] => LV vintage Mono Pochette
                            [height] => 0
                            [weight] => 0
                            [width] => 0
                            [length] => 0
                            [volume] => 0
                            [amount] => 19900000
                            [tariff_number] => 
                            [country_origin] => VN
                            [quantity] => 1
                        )

                    [eed5af6add95a9a6f1252739b1ad8c24] => Array
                        (
                            [item_key] => eed5af6add95a9a6f1252739b1ad8c24
                            [product_id] => 439
                            [product_name] => LV vintage Mono Kelly
                            [height] => 0
                            [weight] => 0
                            [width] => 0
                            [length] => 0
                            [volume] => 0
                            [amount] => 27900000
                            [tariff_number] => 
                            [country_origin] => VN
                            [quantity] => 1
                        )

                )

        )

)
 CONTEXT: {"_legacy":true}
2025-07-27T07:49:40+00:00 NOTICE Parcel Weight Adjusted:Array
(
    [id] => combined_box
    [length] => 7.87
    [width] => 7.87
    [height] => 0.79
    [volume] => 48.93
    [amount] => 126600000
    [distance_unit] => in
    [mass_unit] => lbs
    [insurance] => no
    [signature] => no
    [weight] => 0.22
    [filled] => Array
        (
            [a7aeed74714116f3b292a982238f83d2] => Array
                (
                    [item_key] => a7aeed74714116f3b292a982238f83d2
                    [product_id] => 576
                    [product_name] => LV mono nano Noe
                    [height] => 0
                    [weight] => 0
                    [width] => 0
                    [length] => 0
                    [volume] => 0
                    [amount] => 49900000
                    [tariff_number] => 
                    [country_origin] => VN
                    [quantity] => 1
                )

            [8b16ebc056e613024c057be590b542eb] => Array
                (
                    [item_key] => 8b16ebc056e613024c057be590b542eb
                    [product_id] => 569
                    [product_name] => LV vintage damier Kelly
                    [height] => 0
                    [weight] => 0
                    [width] => 0
                    [length] => 0
                    [volume] => 0
                    [amount] => 28900000
                    [tariff_number] => 
                    [country_origin] => VN
                    [quantity] => 1
                )

            [b534ba68236ba543ae44b22bd110a1d6] => Array
                (
                    [item_key] => b534ba68236ba543ae44b22bd110a1d6
                    [product_id] => 496
                    [product_name] => LV vintage Mono Pochette
                    [height] => 0
                    [weight] => 0
                    [width] => 0
                    [length] => 0
                    [volume] => 0
                    [amount] => 19900000
                    [tariff_number] => 
                    [country_origin] => VN
                    [quantity] => 1
                )

            [eed5af6add95a9a6f1252739b1ad8c24] => Array
                (
                    [item_key] => eed5af6add95a9a6f1252739b1ad8c24
                    [product_id] => 439
                    [product_name] => LV vintage Mono Kelly
                    [height] => 0
                    [weight] => 0
                    [width] => 0
                    [length] => 0
                    [volume] => 0
                    [amount] => 27900000
                    [tariff_number] => 
                    [country_origin] => VN
                    [quantity] => 1
                )

        )

)
 CONTEXT: {"_legacy":true}
2025-07-27T07:49:40+00:00 NOTICE Parcel Minimum Dimension Adjusted:Array
(
    [id] => combined_box
    [length] => 7.87
    [width] => 7.87
    [height] => 0.79
    [volume] => 48.93
    [amount] => 126600000
    [distance_unit] => in
    [mass_unit] => lbs
    [insurance] => no
    [signature] => no
    [weight] => 0.22
    [filled] => Array
        (
            [a7aeed74714116f3b292a982238f83d2] => Array
                (
                    [item_key] => a7aeed74714116f3b292a982238f83d2
                    [product_id] => 576
                    [product_name] => LV mono nano Noe
                    [height] => 0
                    [weight] => 0
                    [width] => 0
                    [length] => 0
                    [volume] => 0
                    [amount] => 49900000
                    [tariff_number] => 
                    [country_origin] => VN
                    [quantity] => 1
                )

            [8b16ebc056e613024c057be590b542eb] => Array
                (
                    [item_key] => 8b16ebc056e613024c057be590b542eb
                    [product_id] => 569
                    [product_name] => LV vintage damier Kelly
                    [height] => 0
                    [weight] => 0
                    [width] => 0
                    [length] => 0
                    [volume] => 0
                    [amount] => 28900000
                    [tariff_number] => 
                    [country_origin] => VN
                    [quantity] => 1
                )

            [b534ba68236ba543ae44b22bd110a1d6] => Array
                (
                    [item_key] => b534ba68236ba543ae44b22bd110a1d6
                    [product_id] => 496
                    [product_name] => LV vintage Mono Pochette
                    [height] => 0
                    [weight] => 0
                    [width] => 0
                    [length] => 0
                    [volume] => 0
                    [amount] => 19900000
                    [tariff_number] => 
                    [country_origin] => VN
                    [quantity] => 1
                )

            [eed5af6add95a9a6f1252739b1ad8c24] => Array
                (
                    [item_key] => eed5af6add95a9a6f1252739b1ad8c24
                    [product_id] => 439
                    [product_name] => LV vintage Mono Kelly
                    [height] => 0
                    [weight] => 0
                    [width] => 0
                    [length] => 0
                    [volume] => 0
                    [amount] => 27900000
                    [tariff_number] => 
                    [country_origin] => VN
                    [quantity] => 1
                )

        )

)
 CONTEXT: {"_legacy":true}
2025-07-27T07:49:40+00:00 NOTICE Parcel Adjusted:Array
(
    [0] => Array
        (
            [id] => combined_box
            [length] => 7.87
            [width] => 7.87
            [height] => 0.79
            [volume] => 48.93
            [amount] => 126600000
            [distance_unit] => in
            [mass_unit] => lbs
            [insurance] => no
            [signature] => no
            [weight] => 0.22
            [filled] => Array
                (
                    [a7aeed74714116f3b292a982238f83d2] => Array
                        (
                            [item_key] => a7aeed74714116f3b292a982238f83d2
                            [product_id] => 576
                            [product_name] => LV mono nano Noe
                            [height] => 0
                            [weight] => 0
                            [width] => 0
                            [length] => 0
                            [volume] => 0
                            [amount] => 49900000
                            [tariff_number] => 
                            [country_origin] => VN
                            [quantity] => 1
                        )

                    [8b16ebc056e613024c057be590b542eb] => Array
                        (
                            [item_key] => 8b16ebc056e613024c057be590b542eb
                            [product_id] => 569
                            [product_name] => LV vintage damier Kelly
                            [height] => 0
                            [weight] => 0
                            [width] => 0
                            [length] => 0
                            [volume] => 0
                            [amount] => 28900000
                            [tariff_number] => 
                            [country_origin] => VN
                            [quantity] => 1
                        )

                    [b534ba68236ba543ae44b22bd110a1d6] => Array
                        (
                            [item_key] => b534ba68236ba543ae44b22bd110a1d6
                            [product_id] => 496
                            [product_name] => LV vintage Mono Pochette
                            [height] => 0
                            [weight] => 0
                            [width] => 0
                            [length] => 0
                            [volume] => 0
                            [amount] => 19900000
                            [tariff_number] => 
                            [country_origin] => VN
                            [quantity] => 1
                        )

                    [eed5af6add95a9a6f1252739b1ad8c24] => Array
                        (
                            [item_key] => eed5af6add95a9a6f1252739b1ad8c24
                            [product_id] => 439
                            [product_name] => LV vintage Mono Kelly
                            [height] => 0
                            [weight] => 0
                            [width] => 0
                            [length] => 0
                            [volume] => 0
                            [amount] => 27900000
                            [tariff_number] => 
                            [country_origin] => VN
                            [quantity] => 1
                        )

                )

        )

)
 CONTEXT: {"_legacy":true}
2025-07-27T07:49:40+00:00 NOTICE Parcel process ended CONTEXT: {"_legacy":true}
2025-07-27T07:49:40+00:00 NOTICE Parcels found Array
(
    [0] => Array
        (
            [id] => combined_box
            [length] => 7.87
            [width] => 7.87
            [height] => 0.79
            [volume] => 48.93
            [amount] => 126600000
            [distance_unit] => in
            [mass_unit] => lbs
            [insurance] => no
            [signature] => no
            [weight] => 0.22
            [filled] => Array
                (
                    [a7aeed74714116f3b292a982238f83d2] => Array
                        (
                            [item_key] => a7aeed74714116f3b292a982238f83d2
                            [product_id] => 576
                            [product_name] => LV mono nano Noe
                            [height] => 0
                            [weight] => 0
                            [width] => 0
                            [length] => 0
                            [volume] => 0
                            [amount] => 49900000
                            [tariff_number] => 
                            [country_origin] => VN
                            [quantity] => 1
                        )

                    [8b16ebc056e613024c057be590b542eb] => Array
                        (
                            [item_key] => 8b16ebc056e613024c057be590b542eb
                            [product_id] => 569
                            [product_name] => LV vintage damier Kelly
                            [height] => 0
                            [weight] => 0
                            [width] => 0
                            [length] => 0
                            [volume] => 0
                            [amount] => 28900000
                            [tariff_number] => 
                            [country_origin] => VN
                            [quantity] => 1
                        )

                    [b534ba68236ba543ae44b22bd110a1d6] => Array
                        (
                            [item_key] => b534ba68236ba543ae44b22bd110a1d6
                            [product_id] => 496
                            [product_name] => LV vintage Mono Pochette
                            [height] => 0
                            [weight] => 0
                            [width] => 0
                            [length] => 0
                            [volume] => 0
                            [amount] => 19900000
                            [tariff_number] => 
                            [country_origin] => VN
                            [quantity] => 1
                        )

                    [eed5af6add95a9a6f1252739b1ad8c24] => Array
                        (
                            [item_key] => eed5af6add95a9a6f1252739b1ad8c24
                            [product_id] => 439
                            [product_name] => LV vintage Mono Kelly
                            [height] => 0
                            [weight] => 0
                            [width] => 0
                            [length] => 0
                            [volume] => 0
                            [amount] => 27900000
                            [tariff_number] => 
                            [country_origin] => VN
                            [quantity] => 1
                        )

                )

        )

)
 CONTEXT: {"_legacy":true}
2025-07-27T07:49:40+00:00 NOTICE Detected zone  CONTEXT: {"_legacy":true}
2025-07-27T07:49:40+00:00 NOTICE Found this owner address Array
(
    [country_state] => 
    [country] => 
    [state] => 
    [street1] => 
    [street2] => 
    [zip] => 
)
 CONTEXT: {"_legacy":true}
2025-07-27T07:49:40+00:00 NOTICE Require a shipment Array
(
    [address_from] => Array
        (
            [country_state] => 
            [country] => 
            [state] => 
            [street1] => 
            [street2] => 
            [zip] => 
        )

    [async] => 
    [currency] => VND
    [address_to] => Array
        (
            [name] =>  
            [company] => 
            [street1] => 
            [city] => 
            [state] => 
            [zip] => 
            [country] => VN
            [phone] => 
            [email] => 
            [is_residential] => 1
        )

    [customs_declaration] => Array
        (
            [certify] => 1
            [non_delivery_option] => RETURN
            [certify_signer] => Shipper
            [contents_type] => MERCHANDISE
            [contents_explanation] => Merchandise
            [items] => Array
                (
                    [0] => Array
                        (
                            [description] => LV mono nano Noe
                            [quantity] => 1
                            [value_amount] => 49900000
                            [net_weight] => 0.01
                            [value_currency] => VND
                            [origin_country] => VN
                            [tariff_number] => 
                            [mass_unit] => lb
                        )

                    [1] => Array
                        (
                            [description] => LV vintage damier Kelly
                            [quantity] => 1
                            [value_amount] => 28900000
                            [net_weight] => 0.01
                            [value_currency] => VND
                            [origin_country] => VN
                            [tariff_number] => 
                            [mass_unit] => lb
                        )

                    [2] => Array
                        (
                            [description] => LV vintage Mono Pochette
                            [quantity] => 1
                            [value_amount] => 19900000
                            [net_weight] => 0.01
                            [value_currency] => VND
                            [origin_country] => VN
                            [tariff_number] => 
                            [mass_unit] => lb
                        )

                    [3] => Array
                        (
                            [description] => LV vintage Mono Kelly
                            [quantity] => 1
                            [value_amount] => 27900000
                            [net_weight] => 0.01
                            [value_currency] => VND
                            [origin_country] => VN
                            [tariff_number] => 
                            [mass_unit] => lb
                        )

                )

        )

    [parcels] => Array
        (
            [0] => Array
                (
                    [length] => 7.87
                    [width] => 7.87
                    [height] => 0.79
                    [distance_unit] => in
                    [mass_unit] => lbs
                    [weight] => 0.22
                )

        )

)
 CONTEXT: {"_legacy":true}
2025-07-27T07:49:40+00:00 NOTICE Error on calculate shippings :No credentials provided. CONTEXT: {"_legacy":true}
2025-07-27T07:49:40+00:00 NOTICE Calculate shipping CONTEXT: {"_legacy":true}
2025-07-27T07:49:40+00:00 NOTICE Start to calculate parcel boxes on cart CONTEXT: {"_legacy":true}
2025-07-27T07:49:40+00:00 NOTICE Enabled parcels defined on settings: Array
(
)
 CONTEXT: {"_legacy":true}
2025-07-27T07:49:40+00:00 NOTICE No parcels found. Starting to create parcels from single products. CONTEXT: {"_legacy":true}
2025-07-27T07:49:40+00:00 NOTICE Parcels created from single products: Array
(
    [0] => Array
        (
            [ID] => item-key-a7aeed74714116f3b292a982238f83d2-576
            [name] => LV mono nano Noe parcel
            [length] => 7.87
            [width] => 7.87
            [height] => 0.79
            [inner_padding] => 0
            [volume] => 48.930151
            [distance_unit] => in
            [mass_unit] => lbs
            [weight] => 0.22
            [enabled] => 1
            [type] => parcel
            [from_product] => 1
        )

    [1] => Array
        (
            [ID] => item-key-8b16ebc056e613024c057be590b542eb-569
            [name] => LV vintage damier Kelly parcel
            [length] => 7.87
            [width] => 7.87
            [height] => 0.79
            [inner_padding] => 0
            [volume] => 48.930151
            [distance_unit] => in
            [mass_unit] => lbs
            [weight] => 0.22
            [enabled] => 1
            [type] => parcel
            [from_product] => 1
        )

    [2] => Array
        (
            [ID] => item-key-b534ba68236ba543ae44b22bd110a1d6-496
            [name] => LV vintage Mono Pochette parcel
            [length] => 7.87
            [width] => 7.87
            [height] => 0.79
            [inner_padding] => 0
            [volume] => 48.930151
            [distance_unit] => in
            [mass_unit] => lbs
            [weight] => 0.22
            [enabled] => 1
            [type] => parcel
            [from_product] => 1
        )

    [3] => Array
        (
            [ID] => item-key-eed5af6add95a9a6f1252739b1ad8c24-439
            [name] => LV vintage Mono Kelly parcel
            [length] => 7.87
            [width] => 7.87
            [height] => 0.79
            [inner_padding] => 0
            [volume] => 48.930151
            [distance_unit] => in
            [mass_unit] => lbs
            [weight] => 0.22
            [enabled] => 1
            [type] => parcel
            [from_product] => 1
        )

)
 CONTEXT: {"_legacy":true}
2025-07-27T07:49:40+00:00 NOTICE Started to fill the packages CONTEXT: {"_legacy":true}
2025-07-27T07:49:40+00:00 NOTICE Created the boxes:Array
(
    [0] => Array
        (
            [id] => parcel-item-key-eed5af6add95a9a6f1252739b1ad8c24-439-0
            [name] => LV vintage Mono Kelly parcel
            [length] => 7.87
            [width] => 7.87
            [height] => 0.79
            [distance_unit] => in
            [mass_unit] => lbs
            [weight] => 0.22
            [volume] => 48.93
            [insurance] => no
            [signature] => no
            [amount] => 126600000
            [filled] => Array
                (
                    [a7aeed74714116f3b292a982238f83d2] => Array
                        (
                            [item_key] => a7aeed74714116f3b292a982238f83d2
                            [product_id] => 576
                            [product_name] => LV mono nano Noe
                            [height] => 0
                            [weight] => 0
                            [width] => 0
                            [length] => 0
                            [volume] => 0
                            [amount] => 49900000
                            [tariff_number] => 
                            [country_origin] => VN
                            [quantity] => 1
                        )

                    [8b16ebc056e613024c057be590b542eb] => Array
                        (
                            [item_key] => 8b16ebc056e613024c057be590b542eb
                            [product_id] => 569
                            [product_name] => LV vintage damier Kelly
                            [height] => 0
                            [weight] => 0
                            [width] => 0
                            [length] => 0
                            [volume] => 0
                            [amount] => 28900000
                            [tariff_number] => 
                            [country_origin] => VN
                            [quantity] => 1
                        )

                    [b534ba68236ba543ae44b22bd110a1d6] => Array
                        (
                            [item_key] => b534ba68236ba543ae44b22bd110a1d6
                            [product_id] => 496
                            [product_name] => LV vintage Mono Pochette
                            [height] => 0
                            [weight] => 0
                            [width] => 0
                            [length] => 0
                            [volume] => 0
                            [amount] => 19900000
                            [tariff_number] => 
                            [country_origin] => VN
                            [quantity] => 1
                        )

                    [eed5af6add95a9a6f1252739b1ad8c24] => Array
                        (
                            [item_key] => eed5af6add95a9a6f1252739b1ad8c24
                            [product_id] => 439
                            [product_name] => LV vintage Mono Kelly
                            [height] => 0
                            [weight] => 0
                            [width] => 0
                            [length] => 0
                            [volume] => 0
                            [amount] => 27900000
                            [tariff_number] => 
                            [country_origin] => VN
                            [quantity] => 1
                        )

                )

        )

)
 CONTEXT: {"_legacy":true}
2025-07-27T07:49:40+00:00 NOTICE Combined box:Array
(
    [0] => Array
        (
            [id] => combined_box
            [length] => 7.87
            [width] => 7.87
            [height] => 0.79
            [volume] => 48.93
            [amount] => 126600000
            [distance_unit] => in
            [mass_unit] => lbs
            [insurance] => no
            [signature] => no
            [weight] => 0.22
            [filled] => Array
                (
                    [a7aeed74714116f3b292a982238f83d2] => Array
                        (
                            [item_key] => a7aeed74714116f3b292a982238f83d2
                            [product_id] => 576
                            [product_name] => LV mono nano Noe
                            [height] => 0
                            [weight] => 0
                            [width] => 0
                            [length] => 0
                            [volume] => 0
                            [amount] => 49900000
                            [tariff_number] => 
                            [country_origin] => VN
                            [quantity] => 1
                        )

                    [8b16ebc056e613024c057be590b542eb] => Array
                        (
                            [item_key] => 8b16ebc056e613024c057be590b542eb
                            [product_id] => 569
                            [product_name] => LV vintage damier Kelly
                            [height] => 0
                            [weight] => 0
                            [width] => 0
                            [length] => 0
                            [volume] => 0
                            [amount] => 28900000
                            [tariff_number] => 
                            [country_origin] => VN
                            [quantity] => 1
                        )

                    [b534ba68236ba543ae44b22bd110a1d6] => Array
                        (
                            [item_key] => b534ba68236ba543ae44b22bd110a1d6
                            [product_id] => 496
                            [product_name] => LV vintage Mono Pochette
                            [height] => 0
                            [weight] => 0
                            [width] => 0
                            [length] => 0
                            [volume] => 0
                            [amount] => 19900000
                            [tariff_number] => 
                            [country_origin] => VN
                            [quantity] => 1
                        )

                    [eed5af6add95a9a6f1252739b1ad8c24] => Array
                        (
                            [item_key] => eed5af6add95a9a6f1252739b1ad8c24
                            [product_id] => 439
                            [product_name] => LV vintage Mono Kelly
                            [height] => 0
                            [weight] => 0
                            [width] => 0
                            [length] => 0
                            [volume] => 0
                            [amount] => 27900000
                            [tariff_number] => 
                            [country_origin] => VN
                            [quantity] => 1
                        )

                )

        )

)
 CONTEXT: {"_legacy":true}
2025-07-27T07:49:40+00:00 NOTICE Parcel filled:Array
(
    [0] => Array
        (
            [id] => combined_box
            [length] => 7.87
            [width] => 7.87
            [height] => 0.79
            [volume] => 48.93
            [amount] => 126600000
            [distance_unit] => in
            [mass_unit] => lbs
            [insurance] => no
            [signature] => no
            [weight] => 0.22
            [filled] => Array
                (
                    [a7aeed74714116f3b292a982238f83d2] => Array
                        (
                            [item_key] => a7aeed74714116f3b292a982238f83d2
                            [product_id] => 576
                            [product_name] => LV mono nano Noe
                            [height] => 0
                            [weight] => 0
                            [width] => 0
                            [length] => 0
                            [volume] => 0
                            [amount] => 49900000
                            [tariff_number] => 
                            [country_origin] => VN
                            [quantity] => 1
                        )

                    [8b16ebc056e613024c057be590b542eb] => Array
                        (
                            [item_key] => 8b16ebc056e613024c057be590b542eb
                            [product_id] => 569
                            [product_name] => LV vintage damier Kelly
                            [height] => 0
                            [weight] => 0
                            [width] => 0
                            [length] => 0
                            [volume] => 0
                            [amount] => 28900000
                            [tariff_number] => 
                            [country_origin] => VN
                            [quantity] => 1
                        )

                    [b534ba68236ba543ae44b22bd110a1d6] => Array
                        (
                            [item_key] => b534ba68236ba543ae44b22bd110a1d6
                            [product_id] => 496
                            [product_name] => LV vintage Mono Pochette
                            [height] => 0
                            [weight] => 0
                            [width] => 0
                            [length] => 0
                            [volume] => 0
                            [amount] => 19900000
                            [tariff_number] => 
                            [country_origin] => VN
                            [quantity] => 1
                        )

                    [eed5af6add95a9a6f1252739b1ad8c24] => Array
                        (
                            [item_key] => eed5af6add95a9a6f1252739b1ad8c24
                            [product_id] => 439
                            [product_name] => LV vintage Mono Kelly
                            [height] => 0
                            [weight] => 0
                            [width] => 0
                            [length] => 0
                            [volume] => 0
                            [amount] => 27900000
                            [tariff_number] => 
                            [country_origin] => VN
                            [quantity] => 1
                        )

                )

        )

)
 CONTEXT: {"_legacy":true}
2025-07-27T07:49:40+00:00 NOTICE Parcel Weight Adjusted:Array
(
    [id] => combined_box
    [length] => 7.87
    [width] => 7.87
    [height] => 0.79
    [volume] => 48.93
    [amount] => 126600000
    [distance_unit] => in
    [mass_unit] => lbs
    [insurance] => no
    [signature] => no
    [weight] => 0.22
    [filled] => Array
        (
            [a7aeed74714116f3b292a982238f83d2] => Array
                (
                    [item_key] => a7aeed74714116f3b292a982238f83d2
                    [product_id] => 576
                    [product_name] => LV mono nano Noe
                    [height] => 0
                    [weight] => 0
                    [width] => 0
                    [length] => 0
                    [volume] => 0
                    [amount] => 49900000
                    [tariff_number] => 
                    [country_origin] => VN
                    [quantity] => 1
                )

            [8b16ebc056e613024c057be590b542eb] => Array
                (
                    [item_key] => 8b16ebc056e613024c057be590b542eb
                    [product_id] => 569
                    [product_name] => LV vintage damier Kelly
                    [height] => 0
                    [weight] => 0
                    [width] => 0
                    [length] => 0
                    [volume] => 0
                    [amount] => 28900000
                    [tariff_number] => 
                    [country_origin] => VN
                    [quantity] => 1
                )

            [b534ba68236ba543ae44b22bd110a1d6] => Array
                (
                    [item_key] => b534ba68236ba543ae44b22bd110a1d6
                    [product_id] => 496
                    [product_name] => LV vintage Mono Pochette
                    [height] => 0
                    [weight] => 0
                    [width] => 0
                    [length] => 0
                    [volume] => 0
                    [amount] => 19900000
                    [tariff_number] => 
                    [country_origin] => VN
                    [quantity] => 1
                )

            [eed5af6add95a9a6f1252739b1ad8c24] => Array
                (
                    [item_key] => eed5af6add95a9a6f1252739b1ad8c24
                    [product_id] => 439
                    [product_name] => LV vintage Mono Kelly
                    [height] => 0
                    [weight] => 0
                    [width] => 0
                    [length] => 0
                    [volume] => 0
                    [amount] => 27900000
                    [tariff_number] => 
                    [country_origin] => VN
                    [quantity] => 1
                )

        )

)
 CONTEXT: {"_legacy":true}
2025-07-27T07:49:40+00:00 NOTICE Parcel Minimum Dimension Adjusted:Array
(
    [id] => combined_box
    [length] => 7.87
    [width] => 7.87
    [height] => 0.79
    [volume] => 48.93
    [amount] => 126600000
    [distance_unit] => in
    [mass_unit] => lbs
    [insurance] => no
    [signature] => no
    [weight] => 0.22
    [filled] => Array
        (
            [a7aeed74714116f3b292a982238f83d2] => Array
                (
                    [item_key] => a7aeed74714116f3b292a982238f83d2
                    [product_id] => 576
                    [product_name] => LV mono nano Noe
                    [height] => 0
                    [weight] => 0
                    [width] => 0
                    [length] => 0
                    [volume] => 0
                    [amount] => 49900000
                    [tariff_number] => 
                    [country_origin] => VN
                    [quantity] => 1
                )

            [8b16ebc056e613024c057be590b542eb] => Array
                (
                    [item_key] => 8b16ebc056e613024c057be590b542eb
                    [product_id] => 569
                    [product_name] => LV vintage damier Kelly
                    [height] => 0
                    [weight] => 0
                    [width] => 0
                    [length] => 0
                    [volume] => 0
                    [amount] => 28900000
                    [tariff_number] => 
                    [country_origin] => VN
                    [quantity] => 1
                )

            [b534ba68236ba543ae44b22bd110a1d6] => Array
                (
                    [item_key] => b534ba68236ba543ae44b22bd110a1d6
                    [product_id] => 496
                    [product_name] => LV vintage Mono Pochette
                    [height] => 0
                    [weight] => 0
                    [width] => 0
                    [length] => 0
                    [volume] => 0
                    [amount] => 19900000
                    [tariff_number] => 
                    [country_origin] => VN
                    [quantity] => 1
                )

            [eed5af6add95a9a6f1252739b1ad8c24] => Array
                (
                    [item_key] => eed5af6add95a9a6f1252739b1ad8c24
                    [product_id] => 439
                    [product_name] => LV vintage Mono Kelly
                    [height] => 0
                    [weight] => 0
                    [width] => 0
                    [length] => 0
                    [volume] => 0
                    [amount] => 27900000
                    [tariff_number] => 
                    [country_origin] => VN
                    [quantity] => 1
                )

        )

)
 CONTEXT: {"_legacy":true}
2025-07-27T07:49:40+00:00 NOTICE Parcel Adjusted:Array
(
    [0] => Array
        (
            [id] => combined_box
            [length] => 7.87
            [width] => 7.87
            [height] => 0.79
            [volume] => 48.93
            [amount] => 126600000
            [distance_unit] => in
            [mass_unit] => lbs
            [insurance] => no
            [signature] => no
            [weight] => 0.22
            [filled] => Array
                (
                    [a7aeed74714116f3b292a982238f83d2] => Array
                        (
                            [item_key] => a7aeed74714116f3b292a982238f83d2
                            [product_id] => 576
                            [product_name] => LV mono nano Noe
                            [height] => 0
                            [weight] => 0
                            [width] => 0
                            [length] => 0
                            [volume] => 0
                            [amount] => 49900000
                            [tariff_number] => 
                            [country_origin] => VN
                            [quantity] => 1
                        )

                    [8b16ebc056e613024c057be590b542eb] => Array
                        (
                            [item_key] => 8b16ebc056e613024c057be590b542eb
                            [product_id] => 569
                            [product_name] => LV vintage damier Kelly
                            [height] => 0
                            [weight] => 0
                            [width] => 0
                            [length] => 0
                            [volume] => 0
                            [amount] => 28900000
                            [tariff_number] => 
                            [country_origin] => VN
                            [quantity] => 1
                        )

                    [b534ba68236ba543ae44b22bd110a1d6] => Array
                        (
                            [item_key] => b534ba68236ba543ae44b22bd110a1d6
                            [product_id] => 496
                            [product_name] => LV vintage Mono Pochette
                            [height] => 0
                            [weight] => 0
                            [width] => 0
                            [length] => 0
                            [volume] => 0
                            [amount] => 19900000
                            [tariff_number] => 
                            [country_origin] => VN
                            [quantity] => 1
                        )

                    [eed5af6add95a9a6f1252739b1ad8c24] => Array
                        (
                            [item_key] => eed5af6add95a9a6f1252739b1ad8c24
                            [product_id] => 439
                            [product_name] => LV vintage Mono Kelly
                            [height] => 0
                            [weight] => 0
                            [width] => 0
                            [length] => 0
                            [volume] => 0
                            [amount] => 27900000
                            [tariff_number] => 
                            [country_origin] => VN
                            [quantity] => 1
                        )

                )

        )

)
 CONTEXT: {"_legacy":true}
2025-07-27T07:49:40+00:00 NOTICE Parcel process ended CONTEXT: {"_legacy":true}
2025-07-27T07:49:40+00:00 NOTICE Parcels found Array
(
    [0] => Array
        (
            [id] => combined_box
            [length] => 7.87
            [width] => 7.87
            [height] => 0.79
            [volume] => 48.93
            [amount] => 126600000
            [distance_unit] => in
            [mass_unit] => lbs
            [insurance] => no
            [signature] => no
            [weight] => 0.22
            [filled] => Array
                (
                    [a7aeed74714116f3b292a982238f83d2] => Array
                        (
                            [item_key] => a7aeed74714116f3b292a982238f83d2
                            [product_id] => 576
                            [product_name] => LV mono nano Noe
                            [height] => 0
                            [weight] => 0
                            [width] => 0
                            [length] => 0
                            [volume] => 0
                            [amount] => 49900000
                            [tariff_number] => 
                            [country_origin] => VN
                            [quantity] => 1
                        )

                    [8b16ebc056e613024c057be590b542eb] => Array
                        (
                            [item_key] => 8b16ebc056e613024c057be590b542eb
                            [product_id] => 569
                            [product_name] => LV vintage damier Kelly
                            [height] => 0
                            [weight] => 0
                            [width] => 0
                            [length] => 0
                            [volume] => 0
                            [amount] => 28900000
                            [tariff_number] => 
                            [country_origin] => VN
                            [quantity] => 1
                        )

                    [b534ba68236ba543ae44b22bd110a1d6] => Array
                        (
                            [item_key] => b534ba68236ba543ae44b22bd110a1d6
                            [product_id] => 496
                            [product_name] => LV vintage Mono Pochette
                            [height] => 0
                            [weight] => 0
                            [width] => 0
                            [length] => 0
                            [volume] => 0
                            [amount] => 19900000
                            [tariff_number] => 
                            [country_origin] => VN
                            [quantity] => 1
                        )

                    [eed5af6add95a9a6f1252739b1ad8c24] => Array
                        (
                            [item_key] => eed5af6add95a9a6f1252739b1ad8c24
                            [product_id] => 439
                            [product_name] => LV vintage Mono Kelly
                            [height] => 0
                            [weight] => 0
                            [width] => 0
                            [length] => 0
                            [volume] => 0
                            [amount] => 27900000
                            [tariff_number] => 
                            [country_origin] => VN
                            [quantity] => 1
                        )

                )

        )

)
 CONTEXT: {"_legacy":true}
2025-07-27T07:49:40+00:00 NOTICE Detected zone  CONTEXT: {"_legacy":true}
2025-07-27T07:49:40+00:00 NOTICE Found this owner address Array
(
    [country_state] => 
    [country] => 
    [state] => 
    [street1] => 
    [street2] => 
    [zip] => 
)
 CONTEXT: {"_legacy":true}
2025-07-27T07:49:40+00:00 NOTICE Require a shipment Array
(
    [address_from] => Array
        (
            [country_state] => 
            [country] => 
            [state] => 
            [street1] => 
            [street2] => 
            [zip] => 
        )

    [async] => 
    [currency] => VND
    [address_to] => Array
        (
            [name] =>  
            [company] => 
            [street1] => 
            [city] => 
            [state] => 
            [zip] => 
            [country] => VN
            [phone] => 
            [email] => 
            [is_residential] => 1
        )

    [customs_declaration] => Array
        (
            [certify] => 1
            [non_delivery_option] => RETURN
            [certify_signer] => Shipper
            [contents_type] => MERCHANDISE
            [contents_explanation] => Merchandise
            [items] => Array
                (
                    [0] => Array
                        (
                            [description] => LV mono nano Noe
                            [quantity] => 1
                            [value_amount] => 49900000
                            [net_weight] => 0.01
                            [value_currency] => VND
                            [origin_country] => VN
                            [tariff_number] => 
                            [mass_unit] => lb
                        )

                    [1] => Array
                        (
                            [description] => LV vintage damier Kelly
                            [quantity] => 1
                            [value_amount] => 28900000
                            [net_weight] => 0.01
                            [value_currency] => VND
                            [origin_country] => VN
                            [tariff_number] => 
                            [mass_unit] => lb
                        )

                    [2] => Array
                        (
                            [description] => LV vintage Mono Pochette
                            [quantity] => 1
                            [value_amount] => 19900000
                            [net_weight] => 0.01
                            [value_currency] => VND
                            [origin_country] => VN
                            [tariff_number] => 
                            [mass_unit] => lb
                        )

                    [3] => Array
                        (
                            [description] => LV vintage Mono Kelly
                            [quantity] => 1
                            [value_amount] => 27900000
                            [net_weight] => 0.01
                            [value_currency] => VND
                            [origin_country] => VN
                            [tariff_number] => 
                            [mass_unit] => lb
                        )

                )

        )

    [parcels] => Array
        (
            [0] => Array
                (
                    [length] => 7.87
                    [width] => 7.87
                    [height] => 0.79
                    [distance_unit] => in
                    [mass_unit] => lbs
                    [weight] => 0.22
                )

        )

)
 CONTEXT: {"_legacy":true}
2025-07-27T07:49:40+00:00 NOTICE Error on calculate shippings :No credentials provided. CONTEXT: {"_legacy":true}
2025-07-27T07:49:43+00:00 NOTICE Calculate shipping CONTEXT: {"_legacy":true}
2025-07-27T07:49:43+00:00 NOTICE Start to calculate parcel boxes on cart CONTEXT: {"_legacy":true}
2025-07-27T07:49:43+00:00 NOTICE Enabled parcels defined on settings: Array
(
)
 CONTEXT: {"_legacy":true}
2025-07-27T07:49:43+00:00 NOTICE No parcels found. Starting to create parcels from single products. CONTEXT: {"_legacy":true}
2025-07-27T07:49:43+00:00 NOTICE Parcels created from single products: Array
(
    [0] => Array
        (
            [ID] => item-key-a7aeed74714116f3b292a982238f83d2-576
            [name] => LV mono nano Noe parcel
            [length] => 7.87
            [width] => 7.87
            [height] => 0.79
            [inner_padding] => 0
            [volume] => 48.930151
            [distance_unit] => in
            [mass_unit] => lbs
            [weight] => 0.22
            [enabled] => 1
            [type] => parcel
            [from_product] => 1
        )

    [1] => Array
        (
            [ID] => item-key-8b16ebc056e613024c057be590b542eb-569
            [name] => LV vintage damier Kelly parcel
            [length] => 7.87
            [width] => 7.87
            [height] => 0.79
            [inner_padding] => 0
            [volume] => 48.930151
            [distance_unit] => in
            [mass_unit] => lbs
            [weight] => 0.22
            [enabled] => 1
            [type] => parcel
            [from_product] => 1
        )

    [2] => Array
        (
            [ID] => item-key-b534ba68236ba543ae44b22bd110a1d6-496
            [name] => LV vintage Mono Pochette parcel
            [length] => 7.87
            [width] => 7.87
            [height] => 0.79
            [inner_padding] => 0
            [volume] => 48.930151
            [distance_unit] => in
            [mass_unit] => lbs
            [weight] => 0.22
            [enabled] => 1
            [type] => parcel
            [from_product] => 1
        )

    [3] => Array
        (
            [ID] => item-key-eed5af6add95a9a6f1252739b1ad8c24-439
            [name] => LV vintage Mono Kelly parcel
            [length] => 7.87
            [width] => 7.87
            [height] => 0.79
            [inner_padding] => 0
            [volume] => 48.930151
            [distance_unit] => in
            [mass_unit] => lbs
            [weight] => 0.22
            [enabled] => 1
            [type] => parcel
            [from_product] => 1
        )

)
 CONTEXT: {"_legacy":true}
2025-07-27T07:49:43+00:00 NOTICE Started to fill the packages CONTEXT: {"_legacy":true}
2025-07-27T07:49:43+00:00 NOTICE Created the boxes:Array
(
    [0] => Array
        (
            [id] => parcel-item-key-eed5af6add95a9a6f1252739b1ad8c24-439-0
            [name] => LV vintage Mono Kelly parcel
            [length] => 7.87
            [width] => 7.87
            [height] => 0.79
            [distance_unit] => in
            [mass_unit] => lbs
            [weight] => 0.22
            [volume] => 48.93
            [insurance] => no
            [signature] => no
            [amount] => 126600000
            [filled] => Array
                (
                    [a7aeed74714116f3b292a982238f83d2] => Array
                        (
                            [item_key] => a7aeed74714116f3b292a982238f83d2
                            [product_id] => 576
                            [product_name] => LV mono nano Noe
                            [height] => 0
                            [weight] => 0
                            [width] => 0
                            [length] => 0
                            [volume] => 0
                            [amount] => 49900000
                            [tariff_number] => 
                            [country_origin] => VN
                            [quantity] => 1
                        )

                    [8b16ebc056e613024c057be590b542eb] => Array
                        (
                            [item_key] => 8b16ebc056e613024c057be590b542eb
                            [product_id] => 569
                            [product_name] => LV vintage damier Kelly
                            [height] => 0
                            [weight] => 0
                            [width] => 0
                            [length] => 0
                            [volume] => 0
                            [amount] => 28900000
                            [tariff_number] => 
                            [country_origin] => VN
                            [quantity] => 1
                        )

                    [b534ba68236ba543ae44b22bd110a1d6] => Array
                        (
                            [item_key] => b534ba68236ba543ae44b22bd110a1d6
                            [product_id] => 496
                            [product_name] => LV vintage Mono Pochette
                            [height] => 0
                            [weight] => 0
                            [width] => 0
                            [length] => 0
                            [volume] => 0
                            [amount] => 19900000
                            [tariff_number] => 
                            [country_origin] => VN
                            [quantity] => 1
                        )

                    [eed5af6add95a9a6f1252739b1ad8c24] => Array
                        (
                            [item_key] => eed5af6add95a9a6f1252739b1ad8c24
                            [product_id] => 439
                            [product_name] => LV vintage Mono Kelly
                            [height] => 0
                            [weight] => 0
                            [width] => 0
                            [length] => 0
                            [volume] => 0
                            [amount] => 27900000
                            [tariff_number] => 
                            [country_origin] => VN
                            [quantity] => 1
                        )

                )

        )

)
 CONTEXT: {"_legacy":true}
2025-07-27T07:49:43+00:00 NOTICE Combined box:Array
(
    [0] => Array
        (
            [id] => combined_box
            [length] => 7.87
            [width] => 7.87
            [height] => 0.79
            [volume] => 48.93
            [amount] => 126600000
            [distance_unit] => in
            [mass_unit] => lbs
            [insurance] => no
            [signature] => no
            [weight] => 0.22
            [filled] => Array
                (
                    [a7aeed74714116f3b292a982238f83d2] => Array
                        (
                            [item_key] => a7aeed74714116f3b292a982238f83d2
                            [product_id] => 576
                            [product_name] => LV mono nano Noe
                            [height] => 0
                            [weight] => 0
                            [width] => 0
                            [length] => 0
                            [volume] => 0
                            [amount] => 49900000
                            [tariff_number] => 
                            [country_origin] => VN
                            [quantity] => 1
                        )

                    [8b16ebc056e613024c057be590b542eb] => Array
                        (
                            [item_key] => 8b16ebc056e613024c057be590b542eb
                            [product_id] => 569
                            [product_name] => LV vintage damier Kelly
                            [height] => 0
                            [weight] => 0
                            [width] => 0
                            [length] => 0
                            [volume] => 0
                            [amount] => 28900000
                            [tariff_number] => 
                            [country_origin] => VN
                            [quantity] => 1
                        )

                    [b534ba68236ba543ae44b22bd110a1d6] => Array
                        (
                            [item_key] => b534ba68236ba543ae44b22bd110a1d6
                            [product_id] => 496
                            [product_name] => LV vintage Mono Pochette
                            [height] => 0
                            [weight] => 0
                            [width] => 0
                            [length] => 0
                            [volume] => 0
                            [amount] => 19900000
                            [tariff_number] => 
                            [country_origin] => VN
                            [quantity] => 1
                        )

                    [eed5af6add95a9a6f1252739b1ad8c24] => Array
                        (
                            [item_key] => eed5af6add95a9a6f1252739b1ad8c24
                            [product_id] => 439
                            [product_name] => LV vintage Mono Kelly
                            [height] => 0
                            [weight] => 0
                            [width] => 0
                            [length] => 0
                            [volume] => 0
                            [amount] => 27900000
                            [tariff_number] => 
                            [country_origin] => VN
                            [quantity] => 1
                        )

                )

        )

)
 CONTEXT: {"_legacy":true}
2025-07-27T07:49:43+00:00 NOTICE Parcel filled:Array
(
    [0] => Array
        (
            [id] => combined_box
            [length] => 7.87
            [width] => 7.87
            [height] => 0.79
            [volume] => 48.93
            [amount] => 126600000
            [distance_unit] => in
            [mass_unit] => lbs
            [insurance] => no
            [signature] => no
            [weight] => 0.22
            [filled] => Array
                (
                    [a7aeed74714116f3b292a982238f83d2] => Array
                        (
                            [item_key] => a7aeed74714116f3b292a982238f83d2
                            [product_id] => 576
                            [product_name] => LV mono nano Noe
                            [height] => 0
                            [weight] => 0
                            [width] => 0
                            [length] => 0
                            [volume] => 0
                            [amount] => 49900000
                            [tariff_number] => 
                            [country_origin] => VN
                            [quantity] => 1
                        )

                    [8b16ebc056e613024c057be590b542eb] => Array
                        (
                            [item_key] => 8b16ebc056e613024c057be590b542eb
                            [product_id] => 569
                            [product_name] => LV vintage damier Kelly
                            [height] => 0
                            [weight] => 0
                            [width] => 0
                            [length] => 0
                            [volume] => 0
                            [amount] => 28900000
                            [tariff_number] => 
                            [country_origin] => VN
                            [quantity] => 1
                        )

                    [b534ba68236ba543ae44b22bd110a1d6] => Array
                        (
                            [item_key] => b534ba68236ba543ae44b22bd110a1d6
                            [product_id] => 496
                            [product_name] => LV vintage Mono Pochette
                            [height] => 0
                            [weight] => 0
                            [width] => 0
                            [length] => 0
                            [volume] => 0
                            [amount] => 19900000
                            [tariff_number] => 
                            [country_origin] => VN
                            [quantity] => 1
                        )

                    [eed5af6add95a9a6f1252739b1ad8c24] => Array
                        (
                            [item_key] => eed5af6add95a9a6f1252739b1ad8c24
                            [product_id] => 439
                            [product_name] => LV vintage Mono Kelly
                            [height] => 0
                            [weight] => 0
                            [width] => 0
                            [length] => 0
                            [volume] => 0
                            [amount] => 27900000
                            [tariff_number] => 
                            [country_origin] => VN
                            [quantity] => 1
                        )

                )

        )

)
 CONTEXT: {"_legacy":true}
2025-07-27T07:49:43+00:00 NOTICE Parcel Weight Adjusted:Array
(
    [id] => combined_box
    [length] => 7.87
    [width] => 7.87
    [height] => 0.79
    [volume] => 48.93
    [amount] => 126600000
    [distance_unit] => in
    [mass_unit] => lbs
    [insurance] => no
    [signature] => no
    [weight] => 0.22
    [filled] => Array
        (
            [a7aeed74714116f3b292a982238f83d2] => Array
                (
                    [item_key] => a7aeed74714116f3b292a982238f83d2
                    [product_id] => 576
                    [product_name] => LV mono nano Noe
                    [height] => 0
                    [weight] => 0
                    [width] => 0
                    [length] => 0
                    [volume] => 0
                    [amount] => 49900000
                    [tariff_number] => 
                    [country_origin] => VN
                    [quantity] => 1
                )

            [8b16ebc056e613024c057be590b542eb] => Array
                (
                    [item_key] => 8b16ebc056e613024c057be590b542eb
                    [product_id] => 569
                    [product_name] => LV vintage damier Kelly
                    [height] => 0
                    [weight] => 0
                    [width] => 0
                    [length] => 0
                    [volume] => 0
                    [amount] => 28900000
                    [tariff_number] => 
                    [country_origin] => VN
                    [quantity] => 1
                )

            [b534ba68236ba543ae44b22bd110a1d6] => Array
                (
                    [item_key] => b534ba68236ba543ae44b22bd110a1d6
                    [product_id] => 496
                    [product_name] => LV vintage Mono Pochette
                    [height] => 0
                    [weight] => 0
                    [width] => 0
                    [length] => 0
                    [volume] => 0
                    [amount] => 19900000
                    [tariff_number] => 
                    [country_origin] => VN
                    [quantity] => 1
                )

            [eed5af6add95a9a6f1252739b1ad8c24] => Array
                (
                    [item_key] => eed5af6add95a9a6f1252739b1ad8c24
                    [product_id] => 439
                    [product_name] => LV vintage Mono Kelly
                    [height] => 0
                    [weight] => 0
                    [width] => 0
                    [length] => 0
                    [volume] => 0
                    [amount] => 27900000
                    [tariff_number] => 
                    [country_origin] => VN
                    [quantity] => 1
                )

        )

)
 CONTEXT: {"_legacy":true}
2025-07-27T07:49:43+00:00 NOTICE Parcel Minimum Dimension Adjusted:Array
(
    [id] => combined_box
    [length] => 7.87
    [width] => 7.87
    [height] => 0.79
    [volume] => 48.93
    [amount] => 126600000
    [distance_unit] => in
    [mass_unit] => lbs
    [insurance] => no
    [signature] => no
    [weight] => 0.22
    [filled] => Array
        (
            [a7aeed74714116f3b292a982238f83d2] => Array
                (
                    [item_key] => a7aeed74714116f3b292a982238f83d2
                    [product_id] => 576
                    [product_name] => LV mono nano Noe
                    [height] => 0
                    [weight] => 0
                    [width] => 0
                    [length] => 0
                    [volume] => 0
                    [amount] => 49900000
                    [tariff_number] => 
                    [country_origin] => VN
                    [quantity] => 1
                )

            [8b16ebc056e613024c057be590b542eb] => Array
                (
                    [item_key] => 8b16ebc056e613024c057be590b542eb
                    [product_id] => 569
                    [product_name] => LV vintage damier Kelly
                    [height] => 0
                    [weight] => 0
                    [width] => 0
                    [length] => 0
                    [volume] => 0
                    [amount] => 28900000
                    [tariff_number] => 
                    [country_origin] => VN
                    [quantity] => 1
                )

            [b534ba68236ba543ae44b22bd110a1d6] => Array
                (
                    [item_key] => b534ba68236ba543ae44b22bd110a1d6
                    [product_id] => 496
                    [product_name] => LV vintage Mono Pochette
                    [height] => 0
                    [weight] => 0
                    [width] => 0
                    [length] => 0
                    [volume] => 0
                    [amount] => 19900000
                    [tariff_number] => 
                    [country_origin] => VN
                    [quantity] => 1
                )

            [eed5af6add95a9a6f1252739b1ad8c24] => Array
                (
                    [item_key] => eed5af6add95a9a6f1252739b1ad8c24
                    [product_id] => 439
                    [product_name] => LV vintage Mono Kelly
                    [height] => 0
                    [weight] => 0
                    [width] => 0
                    [length] => 0
                    [volume] => 0
                    [amount] => 27900000
                    [tariff_number] => 
                    [country_origin] => VN
                    [quantity] => 1
                )

        )

)
 CONTEXT: {"_legacy":true}
2025-07-27T07:49:43+00:00 NOTICE Parcel Adjusted:Array
(
    [0] => Array
        (
            [id] => combined_box
            [length] => 7.87
            [width] => 7.87
            [height] => 0.79
            [volume] => 48.93
            [amount] => 126600000
            [distance_unit] => in
            [mass_unit] => lbs
            [insurance] => no
            [signature] => no
            [weight] => 0.22
            [filled] => Array
                (
                    [a7aeed74714116f3b292a982238f83d2] => Array
                        (
                            [item_key] => a7aeed74714116f3b292a982238f83d2
                            [product_id] => 576
                            [product_name] => LV mono nano Noe
                            [height] => 0
                            [weight] => 0
                            [width] => 0
                            [length] => 0
                            [volume] => 0
                            [amount] => 49900000
                            [tariff_number] => 
                            [country_origin] => VN
                            [quantity] => 1
                        )

                    [8b16ebc056e613024c057be590b542eb] => Array
                        (
                            [item_key] => 8b16ebc056e613024c057be590b542eb
                            [product_id] => 569
                            [product_name] => LV vintage damier Kelly
                            [height] => 0
                            [weight] => 0
                            [width] => 0
                            [length] => 0
                            [volume] => 0
                            [amount] => 28900000
                            [tariff_number] => 
                            [country_origin] => VN
                            [quantity] => 1
                        )

                    [b534ba68236ba543ae44b22bd110a1d6] => Array
                        (
                            [item_key] => b534ba68236ba543ae44b22bd110a1d6
                            [product_id] => 496
                            [product_name] => LV vintage Mono Pochette
                            [height] => 0
                            [weight] => 0
                            [width] => 0
                            [length] => 0
                            [volume] => 0
                            [amount] => 19900000
                            [tariff_number] => 
                            [country_origin] => VN
                            [quantity] => 1
                        )

                    [eed5af6add95a9a6f1252739b1ad8c24] => Array
                        (
                            [item_key] => eed5af6add95a9a6f1252739b1ad8c24
                            [product_id] => 439
                            [product_name] => LV vintage Mono Kelly
                            [height] => 0
                            [weight] => 0
                            [width] => 0
                            [length] => 0
                            [volume] => 0
                            [amount] => 27900000
                            [tariff_number] => 
                            [country_origin] => VN
                            [quantity] => 1
                        )

                )

        )

)
 CONTEXT: {"_legacy":true}
2025-07-27T07:49:43+00:00 NOTICE Parcel process ended CONTEXT: {"_legacy":true}
2025-07-27T07:49:43+00:00 NOTICE Parcels found Array
(
    [0] => Array
        (
            [id] => combined_box
            [length] => 7.87
            [width] => 7.87
            [height] => 0.79
            [volume] => 48.93
            [amount] => 126600000
            [distance_unit] => in
            [mass_unit] => lbs
            [insurance] => no
            [signature] => no
            [weight] => 0.22
            [filled] => Array
                (
                    [a7aeed74714116f3b292a982238f83d2] => Array
                        (
                            [item_key] => a7aeed74714116f3b292a982238f83d2
                            [product_id] => 576
                            [product_name] => LV mono nano Noe
                            [height] => 0
                            [weight] => 0
                            [width] => 0
                            [length] => 0
                            [volume] => 0
                            [amount] => 49900000
                            [tariff_number] => 
                            [country_origin] => VN
                            [quantity] => 1
                        )

                    [8b16ebc056e613024c057be590b542eb] => Array
                        (
                            [item_key] => 8b16ebc056e613024c057be590b542eb
                            [product_id] => 569
                            [product_name] => LV vintage damier Kelly
                            [height] => 0
                            [weight] => 0
                            [width] => 0
                            [length] => 0
                            [volume] => 0
                            [amount] => 28900000
                            [tariff_number] => 
                            [country_origin] => VN
                            [quantity] => 1
                        )

                    [b534ba68236ba543ae44b22bd110a1d6] => Array
                        (
                            [item_key] => b534ba68236ba543ae44b22bd110a1d6
                            [product_id] => 496
                            [product_name] => LV vintage Mono Pochette
                            [height] => 0
                            [weight] => 0
                            [width] => 0
                            [length] => 0
                            [volume] => 0
                            [amount] => 19900000
                            [tariff_number] => 
                            [country_origin] => VN
                            [quantity] => 1
                        )

                    [eed5af6add95a9a6f1252739b1ad8c24] => Array
                        (
                            [item_key] => eed5af6add95a9a6f1252739b1ad8c24
                            [product_id] => 439
                            [product_name] => LV vintage Mono Kelly
                            [height] => 0
                            [weight] => 0
                            [width] => 0
                            [length] => 0
                            [volume] => 0
                            [amount] => 27900000
                            [tariff_number] => 
                            [country_origin] => VN
                            [quantity] => 1
                        )

                )

        )

)
 CONTEXT: {"_legacy":true}
2025-07-27T07:49:43+00:00 NOTICE Detected zone  CONTEXT: {"_legacy":true}
2025-07-27T07:49:43+00:00 NOTICE Found this owner address Array
(
    [country_state] => 
    [country] => 
    [state] => 
    [street1] => 
    [street2] => 
    [zip] => 
)
 CONTEXT: {"_legacy":true}
2025-07-27T07:49:43+00:00 NOTICE Require a shipment Array
(
    [address_from] => Array
        (
            [country_state] => 
            [country] => 
            [state] => 
            [street1] => 
            [street2] => 
            [zip] => 
        )

    [async] => 
    [currency] => VND
    [address_to] => Array
        (
            [name] =>  
            [company] => 
            [street1] => 
            [city] => 
            [state] => 
            [zip] => 
            [country] => VN
            [phone] => 
            [email] => 
            [is_residential] => 1
        )

    [customs_declaration] => Array
        (
            [certify] => 1
            [non_delivery_option] => RETURN
            [certify_signer] => Shipper
            [contents_type] => MERCHANDISE
            [contents_explanation] => Merchandise
            [items] => Array
                (
                    [0] => Array
                        (
                            [description] => LV mono nano Noe
                            [quantity] => 1
                            [value_amount] => 49900000
                            [net_weight] => 0.01
                            [value_currency] => VND
                            [origin_country] => VN
                            [tariff_number] => 
                            [mass_unit] => lb
                        )

                    [1] => Array
                        (
                            [description] => LV vintage damier Kelly
                            [quantity] => 1
                            [value_amount] => 28900000
                            [net_weight] => 0.01
                            [value_currency] => VND
                            [origin_country] => VN
                            [tariff_number] => 
                            [mass_unit] => lb
                        )

                    [2] => Array
                        (
                            [description] => LV vintage Mono Pochette
                            [quantity] => 1
                            [value_amount] => 19900000
                            [net_weight] => 0.01
                            [value_currency] => VND
                            [origin_country] => VN
                            [tariff_number] => 
                            [mass_unit] => lb
                        )

                    [3] => Array
                        (
                            [description] => LV vintage Mono Kelly
                            [quantity] => 1
                            [value_amount] => 27900000
                            [net_weight] => 0.01
                            [value_currency] => VND
                            [origin_country] => VN
                            [tariff_number] => 
                            [mass_unit] => lb
                        )

                )

        )

    [parcels] => Array
        (
            [0] => Array
                (
                    [length] => 7.87
                    [width] => 7.87
                    [height] => 0.79
                    [distance_unit] => in
                    [mass_unit] => lbs
                    [weight] => 0.22
                )

        )

)
 CONTEXT: {"_legacy":true}
2025-07-27T07:49:43+00:00 NOTICE Error on calculate shippings :No credentials provided. CONTEXT: {"_legacy":true}
2025-07-27T07:49:43+00:00 NOTICE Calculate shipping CONTEXT: {"_legacy":true}
2025-07-27T07:49:43+00:00 NOTICE Start to calculate parcel boxes on cart CONTEXT: {"_legacy":true}
2025-07-27T07:49:43+00:00 NOTICE Enabled parcels defined on settings: Array
(
)
 CONTEXT: {"_legacy":true}
2025-07-27T07:49:43+00:00 NOTICE No parcels found. Starting to create parcels from single products. CONTEXT: {"_legacy":true}
2025-07-27T07:49:43+00:00 NOTICE Parcels created from single products: Array
(
    [0] => Array
        (
            [ID] => item-key-a7aeed74714116f3b292a982238f83d2-576
            [name] => LV mono nano Noe parcel
            [length] => 7.87
            [width] => 7.87
            [height] => 0.79
            [inner_padding] => 0
            [volume] => 48.930151
            [distance_unit] => in
            [mass_unit] => lbs
            [weight] => 0.22
            [enabled] => 1
            [type] => parcel
            [from_product] => 1
        )

    [1] => Array
        (
            [ID] => item-key-8b16ebc056e613024c057be590b542eb-569
            [name] => LV vintage damier Kelly parcel
            [length] => 7.87
            [width] => 7.87
            [height] => 0.79
            [inner_padding] => 0
            [volume] => 48.930151
            [distance_unit] => in
            [mass_unit] => lbs
            [weight] => 0.22
            [enabled] => 1
            [type] => parcel
            [from_product] => 1
        )

    [2] => Array
        (
            [ID] => item-key-b534ba68236ba543ae44b22bd110a1d6-496
            [name] => LV vintage Mono Pochette parcel
            [length] => 7.87
            [width] => 7.87
            [height] => 0.79
            [inner_padding] => 0
            [volume] => 48.930151
            [distance_unit] => in
            [mass_unit] => lbs
            [weight] => 0.22
            [enabled] => 1
            [type] => parcel
            [from_product] => 1
        )

    [3] => Array
        (
            [ID] => item-key-eed5af6add95a9a6f1252739b1ad8c24-439
            [name] => LV vintage Mono Kelly parcel
            [length] => 7.87
            [width] => 7.87
            [height] => 0.79
            [inner_padding] => 0
            [volume] => 48.930151
            [distance_unit] => in
            [mass_unit] => lbs
            [weight] => 0.22
            [enabled] => 1
            [type] => parcel
            [from_product] => 1
        )

)
 CONTEXT: {"_legacy":true}
2025-07-27T07:49:43+00:00 NOTICE Started to fill the packages CONTEXT: {"_legacy":true}
2025-07-27T07:49:43+00:00 NOTICE Created the boxes:Array
(
    [0] => Array
        (
            [id] => parcel-item-key-eed5af6add95a9a6f1252739b1ad8c24-439-0
            [name] => LV vintage Mono Kelly parcel
            [length] => 7.87
            [width] => 7.87
            [height] => 0.79
            [distance_unit] => in
            [mass_unit] => lbs
            [weight] => 0.22
            [volume] => 48.93
            [insurance] => no
            [signature] => no
            [amount] => 126600000
            [filled] => Array
                (
                    [a7aeed74714116f3b292a982238f83d2] => Array
                        (
                            [item_key] => a7aeed74714116f3b292a982238f83d2
                            [product_id] => 576
                            [product_name] => LV mono nano Noe
                            [height] => 0
                            [weight] => 0
                            [width] => 0
                            [length] => 0
                            [volume] => 0
                            [amount] => 49900000
                            [tariff_number] => 
                            [country_origin] => VN
                            [quantity] => 1
                        )

                    [8b16ebc056e613024c057be590b542eb] => Array
                        (
                            [item_key] => 8b16ebc056e613024c057be590b542eb
                            [product_id] => 569
                            [product_name] => LV vintage damier Kelly
                            [height] => 0
                            [weight] => 0
                            [width] => 0
                            [length] => 0
                            [volume] => 0
                            [amount] => 28900000
                            [tariff_number] => 
                            [country_origin] => VN
                            [quantity] => 1
                        )

                    [b534ba68236ba543ae44b22bd110a1d6] => Array
                        (
                            [item_key] => b534ba68236ba543ae44b22bd110a1d6
                            [product_id] => 496
                            [product_name] => LV vintage Mono Pochette
                            [height] => 0
                            [weight] => 0
                            [width] => 0
                            [length] => 0
                            [volume] => 0
                            [amount] => 19900000
                            [tariff_number] => 
                            [country_origin] => VN
                            [quantity] => 1
                        )

                    [eed5af6add95a9a6f1252739b1ad8c24] => Array
                        (
                            [item_key] => eed5af6add95a9a6f1252739b1ad8c24
                            [product_id] => 439
                            [product_name] => LV vintage Mono Kelly
                            [height] => 0
                            [weight] => 0
                            [width] => 0
                            [length] => 0
                            [volume] => 0
                            [amount] => 27900000
                            [tariff_number] => 
                            [country_origin] => VN
                            [quantity] => 1
                        )

                )

        )

)
 CONTEXT: {"_legacy":true}
2025-07-27T07:49:43+00:00 NOTICE Combined box:Array
(
    [0] => Array
        (
            [id] => combined_box
            [length] => 7.87
            [width] => 7.87
            [height] => 0.79
            [volume] => 48.93
            [amount] => 126600000
            [distance_unit] => in
            [mass_unit] => lbs
            [insurance] => no
            [signature] => no
            [weight] => 0.22
            [filled] => Array
                (
                    [a7aeed74714116f3b292a982238f83d2] => Array
                        (
                            [item_key] => a7aeed74714116f3b292a982238f83d2
                            [product_id] => 576
                            [product_name] => LV mono nano Noe
                            [height] => 0
                            [weight] => 0
                            [width] => 0
                            [length] => 0
                            [volume] => 0
                            [amount] => 49900000
                            [tariff_number] => 
                            [country_origin] => VN
                            [quantity] => 1
                        )

                    [8b16ebc056e613024c057be590b542eb] => Array
                        (
                            [item_key] => 8b16ebc056e613024c057be590b542eb
                            [product_id] => 569
                            [product_name] => LV vintage damier Kelly
                            [height] => 0
                            [weight] => 0
                            [width] => 0
                            [length] => 0
                            [volume] => 0
                            [amount] => 28900000
                            [tariff_number] => 
                            [country_origin] => VN
                            [quantity] => 1
                        )

                    [b534ba68236ba543ae44b22bd110a1d6] => Array
                        (
                            [item_key] => b534ba68236ba543ae44b22bd110a1d6
                            [product_id] => 496
                            [product_name] => LV vintage Mono Pochette
                            [height] => 0
                            [weight] => 0
                            [width] => 0
                            [length] => 0
                            [volume] => 0
                            [amount] => 19900000
                            [tariff_number] => 
                            [country_origin] => VN
                            [quantity] => 1
                        )

                    [eed5af6add95a9a6f1252739b1ad8c24] => Array
                        (
                            [item_key] => eed5af6add95a9a6f1252739b1ad8c24
                            [product_id] => 439
                            [product_name] => LV vintage Mono Kelly
                            [height] => 0
                            [weight] => 0
                            [width] => 0
                            [length] => 0
                            [volume] => 0
                            [amount] => 27900000
                            [tariff_number] => 
                            [country_origin] => VN
                            [quantity] => 1
                        )

                )

        )

)
 CONTEXT: {"_legacy":true}
2025-07-27T07:49:43+00:00 NOTICE Parcel filled:Array
(
    [0] => Array
        (
            [id] => combined_box
            [length] => 7.87
            [width] => 7.87
            [height] => 0.79
            [volume] => 48.93
            [amount] => 126600000
            [distance_unit] => in
            [mass_unit] => lbs
            [insurance] => no
            [signature] => no
            [weight] => 0.22
            [filled] => Array
                (
                    [a7aeed74714116f3b292a982238f83d2] => Array
                        (
                            [item_key] => a7aeed74714116f3b292a982238f83d2
                            [product_id] => 576
                            [product_name] => LV mono nano Noe
                            [height] => 0
                            [weight] => 0
                            [width] => 0
                            [length] => 0
                            [volume] => 0
                            [amount] => 49900000
                            [tariff_number] => 
                            [country_origin] => VN
                            [quantity] => 1
                        )

                    [8b16ebc056e613024c057be590b542eb] => Array
                        (
                            [item_key] => 8b16ebc056e613024c057be590b542eb
                            [product_id] => 569
                            [product_name] => LV vintage damier Kelly
                            [height] => 0
                            [weight] => 0
                            [width] => 0
                            [length] => 0
                            [volume] => 0
                            [amount] => 28900000
                            [tariff_number] => 
                            [country_origin] => VN
                            [quantity] => 1
                        )

                    [b534ba68236ba543ae44b22bd110a1d6] => Array
                        (
                            [item_key] => b534ba68236ba543ae44b22bd110a1d6
                            [product_id] => 496
                            [product_name] => LV vintage Mono Pochette
                            [height] => 0
                            [weight] => 0
                            [width] => 0
                            [length] => 0
                            [volume] => 0
                            [amount] => 19900000
                            [tariff_number] => 
                            [country_origin] => VN
                            [quantity] => 1
                        )

                    [eed5af6add95a9a6f1252739b1ad8c24] => Array
                        (
                            [item_key] => eed5af6add95a9a6f1252739b1ad8c24
                            [product_id] => 439
                            [product_name] => LV vintage Mono Kelly
                            [height] => 0
                            [weight] => 0
                            [width] => 0
                            [length] => 0
                            [volume] => 0
                            [amount] => 27900000
                            [tariff_number] => 
                            [country_origin] => VN
                            [quantity] => 1
                        )

                )

        )

)
 CONTEXT: {"_legacy":true}
2025-07-27T07:49:43+00:00 NOTICE Parcel Weight Adjusted:Array
(
    [id] => combined_box
    [length] => 7.87
    [width] => 7.87
    [height] => 0.79
    [volume] => 48.93
    [amount] => 126600000
    [distance_unit] => in
    [mass_unit] => lbs
    [insurance] => no
    [signature] => no
    [weight] => 0.22
    [filled] => Array
        (
            [a7aeed74714116f3b292a982238f83d2] => Array
                (
                    [item_key] => a7aeed74714116f3b292a982238f83d2
                    [product_id] => 576
                    [product_name] => LV mono nano Noe
                    [height] => 0
                    [weight] => 0
                    [width] => 0
                    [length] => 0
                    [volume] => 0
                    [amount] => 49900000
                    [tariff_number] => 
                    [country_origin] => VN
                    [quantity] => 1
                )

            [8b16ebc056e613024c057be590b542eb] => Array
                (
                    [item_key] => 8b16ebc056e613024c057be590b542eb
                    [product_id] => 569
                    [product_name] => LV vintage damier Kelly
                    [height] => 0
                    [weight] => 0
                    [width] => 0
                    [length] => 0
                    [volume] => 0
                    [amount] => 28900000
                    [tariff_number] => 
                    [country_origin] => VN
                    [quantity] => 1
                )

            [b534ba68236ba543ae44b22bd110a1d6] => Array
                (
                    [item_key] => b534ba68236ba543ae44b22bd110a1d6
                    [product_id] => 496
                    [product_name] => LV vintage Mono Pochette
                    [height] => 0
                    [weight] => 0
                    [width] => 0
                    [length] => 0
                    [volume] => 0
                    [amount] => 19900000
                    [tariff_number] => 
                    [country_origin] => VN
                    [quantity] => 1
                )

            [eed5af6add95a9a6f1252739b1ad8c24] => Array
                (
                    [item_key] => eed5af6add95a9a6f1252739b1ad8c24
                    [product_id] => 439
                    [product_name] => LV vintage Mono Kelly
                    [height] => 0
                    [weight] => 0
                    [width] => 0
                    [length] => 0
                    [volume] => 0
                    [amount] => 27900000
                    [tariff_number] => 
                    [country_origin] => VN
                    [quantity] => 1
                )

        )

)
 CONTEXT: {"_legacy":true}
2025-07-27T07:49:43+00:00 NOTICE Parcel Minimum Dimension Adjusted:Array
(
    [id] => combined_box
    [length] => 7.87
    [width] => 7.87
    [height] => 0.79
    [volume] => 48.93
    [amount] => 126600000
    [distance_unit] => in
    [mass_unit] => lbs
    [insurance] => no
    [signature] => no
    [weight] => 0.22
    [filled] => Array
        (
            [a7aeed74714116f3b292a982238f83d2] => Array
                (
                    [item_key] => a7aeed74714116f3b292a982238f83d2
                    [product_id] => 576
                    [product_name] => LV mono nano Noe
                    [height] => 0
                    [weight] => 0
                    [width] => 0
                    [length] => 0
                    [volume] => 0
                    [amount] => 49900000
                    [tariff_number] => 
                    [country_origin] => VN
                    [quantity] => 1
                )

            [8b16ebc056e613024c057be590b542eb] => Array
                (
                    [item_key] => 8b16ebc056e613024c057be590b542eb
                    [product_id] => 569
                    [product_name] => LV vintage damier Kelly
                    [height] => 0
                    [weight] => 0
                    [width] => 0
                    [length] => 0
                    [volume] => 0
                    [amount] => 28900000
                    [tariff_number] => 
                    [country_origin] => VN
                    [quantity] => 1
                )

            [b534ba68236ba543ae44b22bd110a1d6] => Array
                (
                    [item_key] => b534ba68236ba543ae44b22bd110a1d6
                    [product_id] => 496
                    [product_name] => LV vintage Mono Pochette
                    [height] => 0
                    [weight] => 0
                    [width] => 0
                    [length] => 0
                    [volume] => 0
                    [amount] => 19900000
                    [tariff_number] => 
                    [country_origin] => VN
                    [quantity] => 1
                )

            [eed5af6add95a9a6f1252739b1ad8c24] => Array
                (
                    [item_key] => eed5af6add95a9a6f1252739b1ad8c24
                    [product_id] => 439
                    [product_name] => LV vintage Mono Kelly
                    [height] => 0
                    [weight] => 0
                    [width] => 0
                    [length] => 0
                    [volume] => 0
                    [amount] => 27900000
                    [tariff_number] => 
                    [country_origin] => VN
                    [quantity] => 1
                )

        )

)
 CONTEXT: {"_legacy":true}
2025-07-27T07:49:43+00:00 NOTICE Parcel Adjusted:Array
(
    [0] => Array
        (
            [id] => combined_box
            [length] => 7.87
            [width] => 7.87
            [height] => 0.79
            [volume] => 48.93
            [amount] => 126600000
            [distance_unit] => in
            [mass_unit] => lbs
            [insurance] => no
            [signature] => no
            [weight] => 0.22
            [filled] => Array
                (
                    [a7aeed74714116f3b292a982238f83d2] => Array
                        (
                            [item_key] => a7aeed74714116f3b292a982238f83d2
                            [product_id] => 576
                            [product_name] => LV mono nano Noe
                            [height] => 0
                            [weight] => 0
                            [width] => 0
                            [length] => 0
                            [volume] => 0
                            [amount] => 49900000
                            [tariff_number] => 
                            [country_origin] => VN
                            [quantity] => 1
                        )

                    [8b16ebc056e613024c057be590b542eb] => Array
                        (
                            [item_key] => 8b16ebc056e613024c057be590b542eb
                            [product_id] => 569
                            [product_name] => LV vintage damier Kelly
                            [height] => 0
                            [weight] => 0
                            [width] => 0
                            [length] => 0
                            [volume] => 0
                            [amount] => 28900000
                            [tariff_number] => 
                            [country_origin] => VN
                            [quantity] => 1
                        )

                    [b534ba68236ba543ae44b22bd110a1d6] => Array
                        (
                            [item_key] => b534ba68236ba543ae44b22bd110a1d6
                            [product_id] => 496
                            [product_name] => LV vintage Mono Pochette
                            [height] => 0
                            [weight] => 0
                            [width] => 0
                            [length] => 0
                            [volume] => 0
                            [amount] => 19900000
                            [tariff_number] => 
                            [country_origin] => VN
                            [quantity] => 1
                        )

                    [eed5af6add95a9a6f1252739b1ad8c24] => Array
                        (
                            [item_key] => eed5af6add95a9a6f1252739b1ad8c24
                            [product_id] => 439
                            [product_name] => LV vintage Mono Kelly
                            [height] => 0
                            [weight] => 0
                            [width] => 0
                            [length] => 0
                            [volume] => 0
                            [amount] => 27900000
                            [tariff_number] => 
                            [country_origin] => VN
                            [quantity] => 1
                        )

                )

        )

)
 CONTEXT: {"_legacy":true}
2025-07-27T07:49:43+00:00 NOTICE Parcel process ended CONTEXT: {"_legacy":true}
2025-07-27T07:49:43+00:00 NOTICE Parcels found Array
(
    [0] => Array
        (
            [id] => combined_box
            [length] => 7.87
            [width] => 7.87
            [height] => 0.79
            [volume] => 48.93
            [amount] => 126600000
            [distance_unit] => in
            [mass_unit] => lbs
            [insurance] => no
            [signature] => no
            [weight] => 0.22
            [filled] => Array
                (
                    [a7aeed74714116f3b292a982238f83d2] => Array
                        (
                            [item_key] => a7aeed74714116f3b292a982238f83d2
                            [product_id] => 576
                            [product_name] => LV mono nano Noe
                            [height] => 0
                            [weight] => 0
                            [width] => 0
                            [length] => 0
                            [volume] => 0
                            [amount] => 49900000
                            [tariff_number] => 
                            [country_origin] => VN
                            [quantity] => 1
                        )

                    [8b16ebc056e613024c057be590b542eb] => Array
                        (
                            [item_key] => 8b16ebc056e613024c057be590b542eb
                            [product_id] => 569
                            [product_name] => LV vintage damier Kelly
                            [height] => 0
                            [weight] => 0
                            [width] => 0
                            [length] => 0
                            [volume] => 0
                            [amount] => 28900000
                            [tariff_number] => 
                            [country_origin] => VN
                            [quantity] => 1
                        )

                    [b534ba68236ba543ae44b22bd110a1d6] => Array
                        (
                            [item_key] => b534ba68236ba543ae44b22bd110a1d6
                            [product_id] => 496
                            [product_name] => LV vintage Mono Pochette
                            [height] => 0
                            [weight] => 0
                            [width] => 0
                            [length] => 0
                            [volume] => 0
                            [amount] => 19900000
                            [tariff_number] => 
                            [country_origin] => VN
                            [quantity] => 1
                        )

                    [eed5af6add95a9a6f1252739b1ad8c24] => Array
                        (
                            [item_key] => eed5af6add95a9a6f1252739b1ad8c24
                            [product_id] => 439
                            [product_name] => LV vintage Mono Kelly
                            [height] => 0
                            [weight] => 0
                            [width] => 0
                            [length] => 0
                            [volume] => 0
                            [amount] => 27900000
                            [tariff_number] => 
                            [country_origin] => VN
                            [quantity] => 1
                        )

                )

        )

)
 CONTEXT: {"_legacy":true}
2025-07-27T07:49:43+00:00 NOTICE Detected zone  CONTEXT: {"_legacy":true}
2025-07-27T07:49:43+00:00 NOTICE Found this owner address Array
(
    [country_state] => 
    [country] => 
    [state] => 
    [street1] => 
    [street2] => 
    [zip] => 
)
 CONTEXT: {"_legacy":true}
2025-07-27T07:49:43+00:00 NOTICE Require a shipment Array
(
    [address_from] => Array
        (
            [country_state] => 
            [country] => 
            [state] => 
            [street1] => 
            [street2] => 
            [zip] => 
        )

    [async] => 
    [currency] => VND
    [address_to] => Array
        (
            [name] =>  
            [company] => 
            [street1] => 
            [city] => 
            [state] => 
            [zip] => 
            [country] => VN
            [phone] => 
            [email] => 
            [is_residential] => 1
        )

    [customs_declaration] => Array
        (
            [certify] => 1
            [non_delivery_option] => RETURN
            [certify_signer] => Shipper
            [contents_type] => MERCHANDISE
            [contents_explanation] => Merchandise
            [items] => Array
                (
                    [0] => Array
                        (
                            [description] => LV mono nano Noe
                            [quantity] => 1
                            [value_amount] => 49900000
                            [net_weight] => 0.01
                            [value_currency] => VND
                            [origin_country] => VN
                            [tariff_number] => 
                            [mass_unit] => lb
                        )

                    [1] => Array
                        (
                            [description] => LV vintage damier Kelly
                            [quantity] => 1
                            [value_amount] => 28900000
                            [net_weight] => 0.01
                            [value_currency] => VND
                            [origin_country] => VN
                            [tariff_number] => 
                            [mass_unit] => lb
                        )

                    [2] => Array
                        (
                            [description] => LV vintage Mono Pochette
                            [quantity] => 1
                            [value_amount] => 19900000
                            [net_weight] => 0.01
                            [value_currency] => VND
                            [origin_country] => VN
                            [tariff_number] => 
                            [mass_unit] => lb
                        )

                    [3] => Array
                        (
                            [description] => LV vintage Mono Kelly
                            [quantity] => 1
                            [value_amount] => 27900000
                            [net_weight] => 0.01
                            [value_currency] => VND
                            [origin_country] => VN
                            [tariff_number] => 
                            [mass_unit] => lb
                        )

                )

        )

    [parcels] => Array
        (
            [0] => Array
                (
                    [length] => 7.87
                    [width] => 7.87
                    [height] => 0.79
                    [distance_unit] => in
                    [mass_unit] => lbs
                    [weight] => 0.22
                )

        )

)
 CONTEXT: {"_legacy":true}
2025-07-27T07:49:43+00:00 NOTICE Error on calculate shippings :No credentials provided. CONTEXT: {"_legacy":true}
2025-07-27T07:49:46+00:00 NOTICE Calculate shipping CONTEXT: {"_legacy":true}
2025-07-27T07:49:46+00:00 NOTICE Start to calculate parcel boxes on cart CONTEXT: {"_legacy":true}
2025-07-27T07:49:46+00:00 NOTICE Enabled parcels defined on settings: Array
(
)
 CONTEXT: {"_legacy":true}
2025-07-27T07:49:46+00:00 NOTICE No parcels found. Starting to create parcels from single products. CONTEXT: {"_legacy":true}
2025-07-27T07:49:46+00:00 NOTICE Parcels created from single products: Array
(
    [0] => Array
        (
            [ID] => item-key-a7aeed74714116f3b292a982238f83d2-576
            [name] => LV mono nano Noe parcel
            [length] => 7.87
            [width] => 7.87
            [height] => 0.79
            [inner_padding] => 0
            [volume] => 48.930151
            [distance_unit] => in
            [mass_unit] => lbs
            [weight] => 0.22
            [enabled] => 1
            [type] => parcel
            [from_product] => 1
        )

    [1] => Array
        (
            [ID] => item-key-8b16ebc056e613024c057be590b542eb-569
            [name] => LV vintage damier Kelly parcel
            [length] => 7.87
            [width] => 7.87
            [height] => 0.79
            [inner_padding] => 0
            [volume] => 48.930151
            [distance_unit] => in
            [mass_unit] => lbs
            [weight] => 0.22
            [enabled] => 1
            [type] => parcel
            [from_product] => 1
        )

    [2] => Array
        (
            [ID] => item-key-b534ba68236ba543ae44b22bd110a1d6-496
            [name] => LV vintage Mono Pochette parcel
            [length] => 7.87
            [width] => 7.87
            [height] => 0.79
            [inner_padding] => 0
            [volume] => 48.930151
            [distance_unit] => in
            [mass_unit] => lbs
            [weight] => 0.22
            [enabled] => 1
            [type] => parcel
            [from_product] => 1
        )

    [3] => Array
        (
            [ID] => item-key-eed5af6add95a9a6f1252739b1ad8c24-439
            [name] => LV vintage Mono Kelly parcel
            [length] => 7.87
            [width] => 7.87
            [height] => 0.79
            [inner_padding] => 0
            [volume] => 48.930151
            [distance_unit] => in
            [mass_unit] => lbs
            [weight] => 0.22
            [enabled] => 1
            [type] => parcel
            [from_product] => 1
        )

)
 CONTEXT: {"_legacy":true}
2025-07-27T07:49:46+00:00 NOTICE Started to fill the packages CONTEXT: {"_legacy":true}
2025-07-27T07:49:46+00:00 NOTICE Created the boxes:Array
(
    [0] => Array
        (
            [id] => parcel-item-key-eed5af6add95a9a6f1252739b1ad8c24-439-0
            [name] => LV vintage Mono Kelly parcel
            [length] => 7.87
            [width] => 7.87
            [height] => 0.79
            [distance_unit] => in
            [mass_unit] => lbs
            [weight] => 0.22
            [volume] => 48.93
            [insurance] => no
            [signature] => no
            [amount] => 176500000
            [filled] => Array
                (
                    [a7aeed74714116f3b292a982238f83d2] => Array
                        (
                            [item_key] => a7aeed74714116f3b292a982238f83d2
                            [product_id] => 576
                            [product_name] => LV mono nano Noe
                            [height] => 0
                            [weight] => 0
                            [width] => 0
                            [length] => 0
                            [volume] => 0
                            [amount] => 49900000
                            [tariff_number] => 
                            [country_origin] => VN
                            [quantity] => 2
                        )

                    [8b16ebc056e613024c057be590b542eb] => Array
                        (
                            [item_key] => 8b16ebc056e613024c057be590b542eb
                            [product_id] => 569
                            [product_name] => LV vintage damier Kelly
                            [height] => 0
                            [weight] => 0
                            [width] => 0
                            [length] => 0
                            [volume] => 0
                            [amount] => 28900000
                            [tariff_number] => 
                            [country_origin] => VN
                            [quantity] => 1
                        )

                    [b534ba68236ba543ae44b22bd110a1d6] => Array
                        (
                            [item_key] => b534ba68236ba543ae44b22bd110a1d6
                            [product_id] => 496
                            [product_name] => LV vintage Mono Pochette
                            [height] => 0
                            [weight] => 0
                            [width] => 0
                            [length] => 0
                            [volume] => 0
                            [amount] => 19900000
                            [tariff_number] => 
                            [country_origin] => VN
                            [quantity] => 1
                        )

                    [eed5af6add95a9a6f1252739b1ad8c24] => Array
                        (
                            [item_key] => eed5af6add95a9a6f1252739b1ad8c24
                            [product_id] => 439
                            [product_name] => LV vintage Mono Kelly
                            [height] => 0
                            [weight] => 0
                            [width] => 0
                            [length] => 0
                            [volume] => 0
                            [amount] => 27900000
                            [tariff_number] => 
                            [country_origin] => VN
                            [quantity] => 1
                        )

                )

        )

)
 CONTEXT: {"_legacy":true}
2025-07-27T07:49:46+00:00 NOTICE Combined box:Array
(
    [0] => Array
        (
            [id] => combined_box
            [length] => 7.87
            [width] => 7.87
            [height] => 0.79
            [volume] => 48.93
            [amount] => 176500000
            [distance_unit] => in
            [mass_unit] => lbs
            [insurance] => no
            [signature] => no
            [weight] => 0.22
            [filled] => Array
                (
                    [a7aeed74714116f3b292a982238f83d2] => Array
                        (
                            [item_key] => a7aeed74714116f3b292a982238f83d2
                            [product_id] => 576
                            [product_name] => LV mono nano Noe
                            [height] => 0
                            [weight] => 0
                            [width] => 0
                            [length] => 0
                            [volume] => 0
                            [amount] => 49900000
                            [tariff_number] => 
                            [country_origin] => VN
                            [quantity] => 2
                        )

                    [8b16ebc056e613024c057be590b542eb] => Array
                        (
                            [item_key] => 8b16ebc056e613024c057be590b542eb
                            [product_id] => 569
                            [product_name] => LV vintage damier Kelly
                            [height] => 0
                            [weight] => 0
                            [width] => 0
                            [length] => 0
                            [volume] => 0
                            [amount] => 28900000
                            [tariff_number] => 
                            [country_origin] => VN
                            [quantity] => 1
                        )

                    [b534ba68236ba543ae44b22bd110a1d6] => Array
                        (
                            [item_key] => b534ba68236ba543ae44b22bd110a1d6
                            [product_id] => 496
                            [product_name] => LV vintage Mono Pochette
                            [height] => 0
                            [weight] => 0
                            [width] => 0
                            [length] => 0
                            [volume] => 0
                            [amount] => 19900000
                            [tariff_number] => 
                            [country_origin] => VN
                            [quantity] => 1
                        )

                    [eed5af6add95a9a6f1252739b1ad8c24] => Array
                        (
                            [item_key] => eed5af6add95a9a6f1252739b1ad8c24
                            [product_id] => 439
                            [product_name] => LV vintage Mono Kelly
                            [height] => 0
                            [weight] => 0
                            [width] => 0
                            [length] => 0
                            [volume] => 0
                            [amount] => 27900000
                            [tariff_number] => 
                            [country_origin] => VN
                            [quantity] => 1
                        )

                )

        )

)
 CONTEXT: {"_legacy":true}
2025-07-27T07:49:46+00:00 NOTICE Parcel filled:Array
(
    [0] => Array
        (
            [id] => combined_box
            [length] => 7.87
            [width] => 7.87
            [height] => 0.79
            [volume] => 48.93
            [amount] => 176500000
            [distance_unit] => in
            [mass_unit] => lbs
            [insurance] => no
            [signature] => no
            [weight] => 0.22
            [filled] => Array
                (
                    [a7aeed74714116f3b292a982238f83d2] => Array
                        (
                            [item_key] => a7aeed74714116f3b292a982238f83d2
                            [product_id] => 576
                            [product_name] => LV mono nano Noe
                            [height] => 0
                            [weight] => 0
                            [width] => 0
                            [length] => 0
                            [volume] => 0
                            [amount] => 49900000
                            [tariff_number] => 
                            [country_origin] => VN
                            [quantity] => 2
                        )

                    [8b16ebc056e613024c057be590b542eb] => Array
                        (
                            [item_key] => 8b16ebc056e613024c057be590b542eb
                            [product_id] => 569
                            [product_name] => LV vintage damier Kelly
                            [height] => 0
                            [weight] => 0
                            [width] => 0
                            [length] => 0
                            [volume] => 0
                            [amount] => 28900000
                            [tariff_number] => 
                            [country_origin] => VN
                            [quantity] => 1
                        )

                    [b534ba68236ba543ae44b22bd110a1d6] => Array
                        (
                            [item_key] => b534ba68236ba543ae44b22bd110a1d6
                            [product_id] => 496
                            [product_name] => LV vintage Mono Pochette
                            [height] => 0
                            [weight] => 0
                            [width] => 0
                            [length] => 0
                            [volume] => 0
                            [amount] => 19900000
                            [tariff_number] => 
                            [country_origin] => VN
                            [quantity] => 1
                        )

                    [eed5af6add95a9a6f1252739b1ad8c24] => Array
                        (
                            [item_key] => eed5af6add95a9a6f1252739b1ad8c24
                            [product_id] => 439
                            [product_name] => LV vintage Mono Kelly
                            [height] => 0
                            [weight] => 0
                            [width] => 0
                            [length] => 0
                            [volume] => 0
                            [amount] => 27900000
                            [tariff_number] => 
                            [country_origin] => VN
                            [quantity] => 1
                        )

                )

        )

)
 CONTEXT: {"_legacy":true}
2025-07-27T07:49:46+00:00 NOTICE Parcel Weight Adjusted:Array
(
    [id] => combined_box
    [length] => 7.87
    [width] => 7.87
    [height] => 0.79
    [volume] => 48.93
    [amount] => 176500000
    [distance_unit] => in
    [mass_unit] => lbs
    [insurance] => no
    [signature] => no
    [weight] => 0.22
    [filled] => Array
        (
            [a7aeed74714116f3b292a982238f83d2] => Array
                (
                    [item_key] => a7aeed74714116f3b292a982238f83d2
                    [product_id] => 576
                    [product_name] => LV mono nano Noe
                    [height] => 0
                    [weight] => 0
                    [width] => 0
                    [length] => 0
                    [volume] => 0
                    [amount] => 49900000
                    [tariff_number] => 
                    [country_origin] => VN
                    [quantity] => 2
                )

            [8b16ebc056e613024c057be590b542eb] => Array
                (
                    [item_key] => 8b16ebc056e613024c057be590b542eb
                    [product_id] => 569
                    [product_name] => LV vintage damier Kelly
                    [height] => 0
                    [weight] => 0
                    [width] => 0
                    [length] => 0
                    [volume] => 0
                    [amount] => 28900000
                    [tariff_number] => 
                    [country_origin] => VN
                    [quantity] => 1
                )

            [b534ba68236ba543ae44b22bd110a1d6] => Array
                (
                    [item_key] => b534ba68236ba543ae44b22bd110a1d6
                    [product_id] => 496
                    [product_name] => LV vintage Mono Pochette
                    [height] => 0
                    [weight] => 0
                    [width] => 0
                    [length] => 0
                    [volume] => 0
                    [amount] => 19900000
                    [tariff_number] => 
                    [country_origin] => VN
                    [quantity] => 1
                )

            [eed5af6add95a9a6f1252739b1ad8c24] => Array
                (
                    [item_key] => eed5af6add95a9a6f1252739b1ad8c24
                    [product_id] => 439
                    [product_name] => LV vintage Mono Kelly
                    [height] => 0
                    [weight] => 0
                    [width] => 0
                    [length] => 0
                    [volume] => 0
                    [amount] => 27900000
                    [tariff_number] => 
                    [country_origin] => VN
                    [quantity] => 1
                )

        )

)
 CONTEXT: {"_legacy":true}
2025-07-27T07:49:46+00:00 NOTICE Parcel Minimum Dimension Adjusted:Array
(
    [id] => combined_box
    [length] => 7.87
    [width] => 7.87
    [height] => 0.79
    [volume] => 48.93
    [amount] => 176500000
    [distance_unit] => in
    [mass_unit] => lbs
    [insurance] => no
    [signature] => no
    [weight] => 0.22
    [filled] => Array
        (
            [a7aeed74714116f3b292a982238f83d2] => Array
                (
                    [item_key] => a7aeed74714116f3b292a982238f83d2
                    [product_id] => 576
                    [product_name] => LV mono nano Noe
                    [height] => 0
                    [weight] => 0
                    [width] => 0
                    [length] => 0
                    [volume] => 0
                    [amount] => 49900000
                    [tariff_number] => 
                    [country_origin] => VN
                    [quantity] => 2
                )

            [8b16ebc056e613024c057be590b542eb] => Array
                (
                    [item_key] => 8b16ebc056e613024c057be590b542eb
                    [product_id] => 569
                    [product_name] => LV vintage damier Kelly
                    [height] => 0
                    [weight] => 0
                    [width] => 0
                    [length] => 0
                    [volume] => 0
                    [amount] => 28900000
                    [tariff_number] => 
                    [country_origin] => VN
                    [quantity] => 1
                )

            [b534ba68236ba543ae44b22bd110a1d6] => Array
                (
                    [item_key] => b534ba68236ba543ae44b22bd110a1d6
                    [product_id] => 496
                    [product_name] => LV vintage Mono Pochette
                    [height] => 0
                    [weight] => 0
                    [width] => 0
                    [length] => 0
                    [volume] => 0
                    [amount] => 19900000
                    [tariff_number] => 
                    [country_origin] => VN
                    [quantity] => 1
                )

            [eed5af6add95a9a6f1252739b1ad8c24] => Array
                (
                    [item_key] => eed5af6add95a9a6f1252739b1ad8c24
                    [product_id] => 439
                    [product_name] => LV vintage Mono Kelly
                    [height] => 0
                    [weight] => 0
                    [width] => 0
                    [length] => 0
                    [volume] => 0
                    [amount] => 27900000
                    [tariff_number] => 
                    [country_origin] => VN
                    [quantity] => 1
                )

        )

)
 CONTEXT: {"_legacy":true}
2025-07-27T07:49:46+00:00 NOTICE Parcel Adjusted:Array
(
    [0] => Array
        (
            [id] => combined_box
            [length] => 7.87
            [width] => 7.87
            [height] => 0.79
            [volume] => 48.93
            [amount] => 176500000
            [distance_unit] => in
            [mass_unit] => lbs
            [insurance] => no
            [signature] => no
            [weight] => 0.22
            [filled] => Array
                (
                    [a7aeed74714116f3b292a982238f83d2] => Array
                        (
                            [item_key] => a7aeed74714116f3b292a982238f83d2
                            [product_id] => 576
                            [product_name] => LV mono nano Noe
                            [height] => 0
                            [weight] => 0
                            [width] => 0
                            [length] => 0
                            [volume] => 0
                            [amount] => 49900000
                            [tariff_number] => 
                            [country_origin] => VN
                            [quantity] => 2
                        )

                    [8b16ebc056e613024c057be590b542eb] => Array
                        (
                            [item_key] => 8b16ebc056e613024c057be590b542eb
                            [product_id] => 569
                            [product_name] => LV vintage damier Kelly
                            [height] => 0
                            [weight] => 0
                            [width] => 0
                            [length] => 0
                            [volume] => 0
                            [amount] => 28900000
                            [tariff_number] => 
                            [country_origin] => VN
                            [quantity] => 1
                        )

                    [b534ba68236ba543ae44b22bd110a1d6] => Array
                        (
                            [item_key] => b534ba68236ba543ae44b22bd110a1d6
                            [product_id] => 496
                            [product_name] => LV vintage Mono Pochette
                            [height] => 0
                            [weight] => 0
                            [width] => 0
                            [length] => 0
                            [volume] => 0
                            [amount] => 19900000
                            [tariff_number] => 
                            [country_origin] => VN
                            [quantity] => 1
                        )

                    [eed5af6add95a9a6f1252739b1ad8c24] => Array
                        (
                            [item_key] => eed5af6add95a9a6f1252739b1ad8c24
                            [product_id] => 439
                            [product_name] => LV vintage Mono Kelly
                            [height] => 0
                            [weight] => 0
                            [width] => 0
                            [length] => 0
                            [volume] => 0
                            [amount] => 27900000
                            [tariff_number] => 
                            [country_origin] => VN
                            [quantity] => 1
                        )

                )

        )

)
 CONTEXT: {"_legacy":true}
2025-07-27T07:49:46+00:00 NOTICE Parcel process ended CONTEXT: {"_legacy":true}
2025-07-27T07:49:46+00:00 NOTICE Parcels found Array
(
    [0] => Array
        (
            [id] => combined_box
            [length] => 7.87
            [width] => 7.87
            [height] => 0.79
            [volume] => 48.93
            [amount] => 176500000
            [distance_unit] => in
            [mass_unit] => lbs
            [insurance] => no
            [signature] => no
            [weight] => 0.22
            [filled] => Array
                (
                    [a7aeed74714116f3b292a982238f83d2] => Array
                        (
                            [item_key] => a7aeed74714116f3b292a982238f83d2
                            [product_id] => 576
                            [product_name] => LV mono nano Noe
                            [height] => 0
                            [weight] => 0
                            [width] => 0
                            [length] => 0
                            [volume] => 0
                            [amount] => 49900000
                            [tariff_number] => 
                            [country_origin] => VN
                            [quantity] => 2
                        )

                    [8b16ebc056e613024c057be590b542eb] => Array
                        (
                            [item_key] => 8b16ebc056e613024c057be590b542eb
                            [product_id] => 569
                            [product_name] => LV vintage damier Kelly
                            [height] => 0
                            [weight] => 0
                            [width] => 0
                            [length] => 0
                            [volume] => 0
                            [amount] => 28900000
                            [tariff_number] => 
                            [country_origin] => VN
                            [quantity] => 1
                        )

                    [b534ba68236ba543ae44b22bd110a1d6] => Array
                        (
                            [item_key] => b534ba68236ba543ae44b22bd110a1d6
                            [product_id] => 496
                            [product_name] => LV vintage Mono Pochette
                            [height] => 0
                            [weight] => 0
                            [width] => 0
                            [length] => 0
                            [volume] => 0
                            [amount] => 19900000
                            [tariff_number] => 
                            [country_origin] => VN
                            [quantity] => 1
                        )

                    [eed5af6add95a9a6f1252739b1ad8c24] => Array
                        (
                            [item_key] => eed5af6add95a9a6f1252739b1ad8c24
                            [product_id] => 439
                            [product_name] => LV vintage Mono Kelly
                            [height] => 0
                            [weight] => 0
                            [width] => 0
                            [length] => 0
                            [volume] => 0
                            [amount] => 27900000
                            [tariff_number] => 
                            [country_origin] => VN
                            [quantity] => 1
                        )

                )

        )

)
 CONTEXT: {"_legacy":true}
2025-07-27T07:49:46+00:00 NOTICE Detected zone  CONTEXT: {"_legacy":true}
2025-07-27T07:49:46+00:00 NOTICE Found this owner address Array
(
    [country_state] => 
    [country] => 
    [state] => 
    [street1] => 
    [street2] => 
    [zip] => 
)
 CONTEXT: {"_legacy":true}
2025-07-27T07:49:46+00:00 NOTICE Require a shipment Array
(
    [address_from] => Array
        (
            [country_state] => 
            [country] => 
            [state] => 
            [street1] => 
            [street2] => 
            [zip] => 
        )

    [async] => 
    [currency] => VND
    [address_to] => Array
        (
            [name] =>  
            [company] => 
            [street1] => 
            [city] => 
            [state] => 
            [zip] => 
            [country] => VN
            [phone] => 
            [email] => 
            [is_residential] => 1
        )

    [customs_declaration] => Array
        (
            [certify] => 1
            [non_delivery_option] => RETURN
            [certify_signer] => Shipper
            [contents_type] => MERCHANDISE
            [contents_explanation] => Merchandise
            [items] => Array
                (
                    [0] => Array
                        (
                            [description] => LV mono nano Noe
                            [quantity] => 2
                            [value_amount] => 99800000
                            [net_weight] => 0.01
                            [value_currency] => VND
                            [origin_country] => VN
                            [tariff_number] => 
                            [mass_unit] => lb
                        )

                    [1] => Array
                        (
                            [description] => LV vintage damier Kelly
                            [quantity] => 1
                            [value_amount] => 28900000
                            [net_weight] => 0.01
                            [value_currency] => VND
                            [origin_country] => VN
                            [tariff_number] => 
                            [mass_unit] => lb
                        )

                    [2] => Array
                        (
                            [description] => LV vintage Mono Pochette
                            [quantity] => 1
                            [value_amount] => 19900000
                            [net_weight] => 0.01
                            [value_currency] => VND
                            [origin_country] => VN
                            [tariff_number] => 
                            [mass_unit] => lb
                        )

                    [3] => Array
                        (
                            [description] => LV vintage Mono Kelly
                            [quantity] => 1
                            [value_amount] => 27900000
                            [net_weight] => 0.01
                            [value_currency] => VND
                            [origin_country] => VN
                            [tariff_number] => 
                            [mass_unit] => lb
                        )

                )

        )

    [parcels] => Array
        (
            [0] => Array
                (
                    [length] => 7.87
                    [width] => 7.87
                    [height] => 0.79
                    [distance_unit] => in
                    [mass_unit] => lbs
                    [weight] => 0.22
                )

        )

)
 CONTEXT: {"_legacy":true}
2025-07-27T07:49:46+00:00 NOTICE Error on calculate shippings :No credentials provided. CONTEXT: {"_legacy":true}
2025-07-27T07:49:46+00:00 NOTICE Calculate shipping CONTEXT: {"_legacy":true}
2025-07-27T07:49:46+00:00 NOTICE Start to calculate parcel boxes on cart CONTEXT: {"_legacy":true}
2025-07-27T07:49:46+00:00 NOTICE Enabled parcels defined on settings: Array
(
)
 CONTEXT: {"_legacy":true}
2025-07-27T07:49:46+00:00 NOTICE No parcels found. Starting to create parcels from single products. CONTEXT: {"_legacy":true}
2025-07-27T07:49:46+00:00 NOTICE Parcels created from single products: Array
(
    [0] => Array
        (
            [ID] => item-key-a7aeed74714116f3b292a982238f83d2-576
            [name] => LV mono nano Noe parcel
            [length] => 7.87
            [width] => 7.87
            [height] => 0.79
            [inner_padding] => 0
            [volume] => 48.930151
            [distance_unit] => in
            [mass_unit] => lbs
            [weight] => 0.22
            [enabled] => 1
            [type] => parcel
            [from_product] => 1
        )

    [1] => Array
        (
            [ID] => item-key-8b16ebc056e613024c057be590b542eb-569
            [name] => LV vintage damier Kelly parcel
            [length] => 7.87
            [width] => 7.87
            [height] => 0.79
            [inner_padding] => 0
            [volume] => 48.930151
            [distance_unit] => in
            [mass_unit] => lbs
            [weight] => 0.22
            [enabled] => 1
            [type] => parcel
            [from_product] => 1
        )

    [2] => Array
        (
            [ID] => item-key-b534ba68236ba543ae44b22bd110a1d6-496
            [name] => LV vintage Mono Pochette parcel
            [length] => 7.87
            [width] => 7.87
            [height] => 0.79
            [inner_padding] => 0
            [volume] => 48.930151
            [distance_unit] => in
            [mass_unit] => lbs
            [weight] => 0.22
            [enabled] => 1
            [type] => parcel
            [from_product] => 1
        )

    [3] => Array
        (
            [ID] => item-key-eed5af6add95a9a6f1252739b1ad8c24-439
            [name] => LV vintage Mono Kelly parcel
            [length] => 7.87
            [width] => 7.87
            [height] => 0.79
            [inner_padding] => 0
            [volume] => 48.930151
            [distance_unit] => in
            [mass_unit] => lbs
            [weight] => 0.22
            [enabled] => 1
            [type] => parcel
            [from_product] => 1
        )

)
 CONTEXT: {"_legacy":true}
2025-07-27T07:49:46+00:00 NOTICE Started to fill the packages CONTEXT: {"_legacy":true}
2025-07-27T07:49:46+00:00 NOTICE Created the boxes:Array
(
    [0] => Array
        (
            [id] => parcel-item-key-eed5af6add95a9a6f1252739b1ad8c24-439-0
            [name] => LV vintage Mono Kelly parcel
            [length] => 7.87
            [width] => 7.87
            [height] => 0.79
            [distance_unit] => in
            [mass_unit] => lbs
            [weight] => 0.22
            [volume] => 48.93
            [insurance] => no
            [signature] => no
            [amount] => 176500000
            [filled] => Array
                (
                    [a7aeed74714116f3b292a982238f83d2] => Array
                        (
                            [item_key] => a7aeed74714116f3b292a982238f83d2
                            [product_id] => 576
                            [product_name] => LV mono nano Noe
                            [height] => 0
                            [weight] => 0
                            [width] => 0
                            [length] => 0
                            [volume] => 0
                            [amount] => 49900000
                            [tariff_number] => 
                            [country_origin] => VN
                            [quantity] => 2
                        )

                    [8b16ebc056e613024c057be590b542eb] => Array
                        (
                            [item_key] => 8b16ebc056e613024c057be590b542eb
                            [product_id] => 569
                            [product_name] => LV vintage damier Kelly
                            [height] => 0
                            [weight] => 0
                            [width] => 0
                            [length] => 0
                            [volume] => 0
                            [amount] => 28900000
                            [tariff_number] => 
                            [country_origin] => VN
                            [quantity] => 1
                        )

                    [b534ba68236ba543ae44b22bd110a1d6] => Array
                        (
                            [item_key] => b534ba68236ba543ae44b22bd110a1d6
                            [product_id] => 496
                            [product_name] => LV vintage Mono Pochette
                            [height] => 0
                            [weight] => 0
                            [width] => 0
                            [length] => 0
                            [volume] => 0
                            [amount] => 19900000
                            [tariff_number] => 
                            [country_origin] => VN
                            [quantity] => 1
                        )

                    [eed5af6add95a9a6f1252739b1ad8c24] => Array
                        (
                            [item_key] => eed5af6add95a9a6f1252739b1ad8c24
                            [product_id] => 439
                            [product_name] => LV vintage Mono Kelly
                            [height] => 0
                            [weight] => 0
                            [width] => 0
                            [length] => 0
                            [volume] => 0
                            [amount] => 27900000
                            [tariff_number] => 
                            [country_origin] => VN
                            [quantity] => 1
                        )

                )

        )

)
 CONTEXT: {"_legacy":true}
2025-07-27T07:49:46+00:00 NOTICE Combined box:Array
(
    [0] => Array
        (
            [id] => combined_box
            [length] => 7.87
            [width] => 7.87
            [height] => 0.79
            [volume] => 48.93
            [amount] => 176500000
            [distance_unit] => in
            [mass_unit] => lbs
            [insurance] => no
            [signature] => no
            [weight] => 0.22
            [filled] => Array
                (
                    [a7aeed74714116f3b292a982238f83d2] => Array
                        (
                            [item_key] => a7aeed74714116f3b292a982238f83d2
                            [product_id] => 576
                            [product_name] => LV mono nano Noe
                            [height] => 0
                            [weight] => 0
                            [width] => 0
                            [length] => 0
                            [volume] => 0
                            [amount] => 49900000
                            [tariff_number] => 
                            [country_origin] => VN
                            [quantity] => 2
                        )

                    [8b16ebc056e613024c057be590b542eb] => Array
                        (
                            [item_key] => 8b16ebc056e613024c057be590b542eb
                            [product_id] => 569
                            [product_name] => LV vintage damier Kelly
                            [height] => 0
                            [weight] => 0
                            [width] => 0
                            [length] => 0
                            [volume] => 0
                            [amount] => 28900000
                            [tariff_number] => 
                            [country_origin] => VN
                            [quantity] => 1
                        )

                    [b534ba68236ba543ae44b22bd110a1d6] => Array
                        (
                            [item_key] => b534ba68236ba543ae44b22bd110a1d6
                            [product_id] => 496
                            [product_name] => LV vintage Mono Pochette
                            [height] => 0
                            [weight] => 0
                            [width] => 0
                            [length] => 0
                            [volume] => 0
                            [amount] => 19900000
                            [tariff_number] => 
                            [country_origin] => VN
                            [quantity] => 1
                        )

                    [eed5af6add95a9a6f1252739b1ad8c24] => Array
                        (
                            [item_key] => eed5af6add95a9a6f1252739b1ad8c24
                            [product_id] => 439
                            [product_name] => LV vintage Mono Kelly
                            [height] => 0
                            [weight] => 0
                            [width] => 0
                            [length] => 0
                            [volume] => 0
                            [amount] => 27900000
                            [tariff_number] => 
                            [country_origin] => VN
                            [quantity] => 1
                        )

                )

        )

)
 CONTEXT: {"_legacy":true}
2025-07-27T07:49:46+00:00 NOTICE Parcel filled:Array
(
    [0] => Array
        (
            [id] => combined_box
            [length] => 7.87
            [width] => 7.87
            [height] => 0.79
            [volume] => 48.93
            [amount] => 176500000
            [distance_unit] => in
            [mass_unit] => lbs
            [insurance] => no
            [signature] => no
            [weight] => 0.22
            [filled] => Array
                (
                    [a7aeed74714116f3b292a982238f83d2] => Array
                        (
                            [item_key] => a7aeed74714116f3b292a982238f83d2
                            [product_id] => 576
                            [product_name] => LV mono nano Noe
                            [height] => 0
                            [weight] => 0
                            [width] => 0
                            [length] => 0
                            [volume] => 0
                            [amount] => 49900000
                            [tariff_number] => 
                            [country_origin] => VN
                            [quantity] => 2
                        )

                    [8b16ebc056e613024c057be590b542eb] => Array
                        (
                            [item_key] => 8b16ebc056e613024c057be590b542eb
                            [product_id] => 569
                            [product_name] => LV vintage damier Kelly
                            [height] => 0
                            [weight] => 0
                            [width] => 0
                            [length] => 0
                            [volume] => 0
                            [amount] => 28900000
                            [tariff_number] => 
                            [country_origin] => VN
                            [quantity] => 1
                        )

                    [b534ba68236ba543ae44b22bd110a1d6] => Array
                        (
                            [item_key] => b534ba68236ba543ae44b22bd110a1d6
                            [product_id] => 496
                            [product_name] => LV vintage Mono Pochette
                            [height] => 0
                            [weight] => 0
                            [width] => 0
                            [length] => 0
                            [volume] => 0
                            [amount] => 19900000
                            [tariff_number] => 
                            [country_origin] => VN
                            [quantity] => 1
                        )

                    [eed5af6add95a9a6f1252739b1ad8c24] => Array
                        (
                            [item_key] => eed5af6add95a9a6f1252739b1ad8c24
                            [product_id] => 439
                            [product_name] => LV vintage Mono Kelly
                            [height] => 0
                            [weight] => 0
                            [width] => 0
                            [length] => 0
                            [volume] => 0
                            [amount] => 27900000
                            [tariff_number] => 
                            [country_origin] => VN
                            [quantity] => 1
                        )

                )

        )

)
 CONTEXT: {"_legacy":true}
2025-07-27T07:49:46+00:00 NOTICE Parcel Weight Adjusted:Array
(
    [id] => combined_box
    [length] => 7.87
    [width] => 7.87
    [height] => 0.79
    [volume] => 48.93
    [amount] => 176500000
    [distance_unit] => in
    [mass_unit] => lbs
    [insurance] => no
    [signature] => no
    [weight] => 0.22
    [filled] => Array
        (
            [a7aeed74714116f3b292a982238f83d2] => Array
                (
                    [item_key] => a7aeed74714116f3b292a982238f83d2
                    [product_id] => 576
                    [product_name] => LV mono nano Noe
                    [height] => 0
                    [weight] => 0
                    [width] => 0
                    [length] => 0
                    [volume] => 0
                    [amount] => 49900000
                    [tariff_number] => 
                    [country_origin] => VN
                    [quantity] => 2
                )

            [8b16ebc056e613024c057be590b542eb] => Array
                (
                    [item_key] => 8b16ebc056e613024c057be590b542eb
                    [product_id] => 569
                    [product_name] => LV vintage damier Kelly
                    [height] => 0
                    [weight] => 0
                    [width] => 0
                    [length] => 0
                    [volume] => 0
                    [amount] => 28900000
                    [tariff_number] => 
                    [country_origin] => VN
                    [quantity] => 1
                )

            [b534ba68236ba543ae44b22bd110a1d6] => Array
                (
                    [item_key] => b534ba68236ba543ae44b22bd110a1d6
                    [product_id] => 496
                    [product_name] => LV vintage Mono Pochette
                    [height] => 0
                    [weight] => 0
                    [width] => 0
                    [length] => 0
                    [volume] => 0
                    [amount] => 19900000
                    [tariff_number] => 
                    [country_origin] => VN
                    [quantity] => 1
                )

            [eed5af6add95a9a6f1252739b1ad8c24] => Array
                (
                    [item_key] => eed5af6add95a9a6f1252739b1ad8c24
                    [product_id] => 439
                    [product_name] => LV vintage Mono Kelly
                    [height] => 0
                    [weight] => 0
                    [width] => 0
                    [length] => 0
                    [volume] => 0
                    [amount] => 27900000
                    [tariff_number] => 
                    [country_origin] => VN
                    [quantity] => 1
                )

        )

)
 CONTEXT: {"_legacy":true}
2025-07-27T07:49:46+00:00 NOTICE Parcel Minimum Dimension Adjusted:Array
(
    [id] => combined_box
    [length] => 7.87
    [width] => 7.87
    [height] => 0.79
    [volume] => 48.93
    [amount] => 176500000
    [distance_unit] => in
    [mass_unit] => lbs
    [insurance] => no
    [signature] => no
    [weight] => 0.22
    [filled] => Array
        (
            [a7aeed74714116f3b292a982238f83d2] => Array
                (
                    [item_key] => a7aeed74714116f3b292a982238f83d2
                    [product_id] => 576
                    [product_name] => LV mono nano Noe
                    [height] => 0
                    [weight] => 0
                    [width] => 0
                    [length] => 0
                    [volume] => 0
                    [amount] => 49900000
                    [tariff_number] => 
                    [country_origin] => VN
                    [quantity] => 2
                )

            [8b16ebc056e613024c057be590b542eb] => Array
                (
                    [item_key] => 8b16ebc056e613024c057be590b542eb
                    [product_id] => 569
                    [product_name] => LV vintage damier Kelly
                    [height] => 0
                    [weight] => 0
                    [width] => 0
                    [length] => 0
                    [volume] => 0
                    [amount] => 28900000
                    [tariff_number] => 
                    [country_origin] => VN
                    [quantity] => 1
                )

            [b534ba68236ba543ae44b22bd110a1d6] => Array
                (
                    [item_key] => b534ba68236ba543ae44b22bd110a1d6
                    [product_id] => 496
                    [product_name] => LV vintage Mono Pochette
                    [height] => 0
                    [weight] => 0
                    [width] => 0
                    [length] => 0
                    [volume] => 0
                    [amount] => 19900000
                    [tariff_number] => 
                    [country_origin] => VN
                    [quantity] => 1
                )

            [eed5af6add95a9a6f1252739b1ad8c24] => Array
                (
                    [item_key] => eed5af6add95a9a6f1252739b1ad8c24
                    [product_id] => 439
                    [product_name] => LV vintage Mono Kelly
                    [height] => 0
                    [weight] => 0
                    [width] => 0
                    [length] => 0
                    [volume] => 0
                    [amount] => 27900000
                    [tariff_number] => 
                    [country_origin] => VN
                    [quantity] => 1
                )

        )

)
 CONTEXT: {"_legacy":true}
2025-07-27T07:49:46+00:00 NOTICE Parcel Adjusted:Array
(
    [0] => Array
        (
            [id] => combined_box
            [length] => 7.87
            [width] => 7.87
            [height] => 0.79
            [volume] => 48.93
            [amount] => 176500000
            [distance_unit] => in
            [mass_unit] => lbs
            [insurance] => no
            [signature] => no
            [weight] => 0.22
            [filled] => Array
                (
                    [a7aeed74714116f3b292a982238f83d2] => Array
                        (
                            [item_key] => a7aeed74714116f3b292a982238f83d2
                            [product_id] => 576
                            [product_name] => LV mono nano Noe
                            [height] => 0
                            [weight] => 0
                            [width] => 0
                            [length] => 0
                            [volume] => 0
                            [amount] => 49900000
                            [tariff_number] => 
                            [country_origin] => VN
                            [quantity] => 2
                        )

                    [8b16ebc056e613024c057be590b542eb] => Array
                        (
                            [item_key] => 8b16ebc056e613024c057be590b542eb
                            [product_id] => 569
                            [product_name] => LV vintage damier Kelly
                            [height] => 0
                            [weight] => 0
                            [width] => 0
                            [length] => 0
                            [volume] => 0
                            [amount] => 28900000
                            [tariff_number] => 
                            [country_origin] => VN
                            [quantity] => 1
                        )

                    [b534ba68236ba543ae44b22bd110a1d6] => Array
                        (
                            [item_key] => b534ba68236ba543ae44b22bd110a1d6
                            [product_id] => 496
                            [product_name] => LV vintage Mono Pochette
                            [height] => 0
                            [weight] => 0
                            [width] => 0
                            [length] => 0
                            [volume] => 0
                            [amount] => 19900000
                            [tariff_number] => 
                            [country_origin] => VN
                            [quantity] => 1
                        )

                    [eed5af6add95a9a6f1252739b1ad8c24] => Array
                        (
                            [item_key] => eed5af6add95a9a6f1252739b1ad8c24
                            [product_id] => 439
                            [product_name] => LV vintage Mono Kelly
                            [height] => 0
                            [weight] => 0
                            [width] => 0
                            [length] => 0
                            [volume] => 0
                            [amount] => 27900000
                            [tariff_number] => 
                            [country_origin] => VN
                            [quantity] => 1
                        )

                )

        )

)
 CONTEXT: {"_legacy":true}
2025-07-27T07:49:46+00:00 NOTICE Parcel process ended CONTEXT: {"_legacy":true}
2025-07-27T07:49:46+00:00 NOTICE Parcels found Array
(
    [0] => Array
        (
            [id] => combined_box
            [length] => 7.87
            [width] => 7.87
            [height] => 0.79
            [volume] => 48.93
            [amount] => 176500000
            [distance_unit] => in
            [mass_unit] => lbs
            [insurance] => no
            [signature] => no
            [weight] => 0.22
            [filled] => Array
                (
                    [a7aeed74714116f3b292a982238f83d2] => Array
                        (
                            [item_key] => a7aeed74714116f3b292a982238f83d2
                            [product_id] => 576
                            [product_name] => LV mono nano Noe
                            [height] => 0
                            [weight] => 0
                            [width] => 0
                            [length] => 0
                            [volume] => 0
                            [amount] => 49900000
                            [tariff_number] => 
                            [country_origin] => VN
                            [quantity] => 2
                        )

                    [8b16ebc056e613024c057be590b542eb] => Array
                        (
                            [item_key] => 8b16ebc056e613024c057be590b542eb
                            [product_id] => 569
                            [product_name] => LV vintage damier Kelly
                            [height] => 0
                            [weight] => 0
                            [width] => 0
                            [length] => 0
                            [volume] => 0
                            [amount] => 28900000
                            [tariff_number] => 
                            [country_origin] => VN
                            [quantity] => 1
                        )

                    [b534ba68236ba543ae44b22bd110a1d6] => Array
                        (
                            [item_key] => b534ba68236ba543ae44b22bd110a1d6
                            [product_id] => 496
                            [product_name] => LV vintage Mono Pochette
                            [height] => 0
                            [weight] => 0
                            [width] => 0
                            [length] => 0
                            [volume] => 0
                            [amount] => 19900000
                            [tariff_number] => 
                            [country_origin] => VN
                            [quantity] => 1
                        )

                    [eed5af6add95a9a6f1252739b1ad8c24] => Array
                        (
                            [item_key] => eed5af6add95a9a6f1252739b1ad8c24
                            [product_id] => 439
                            [product_name] => LV vintage Mono Kelly
                            [height] => 0
                            [weight] => 0
                            [width] => 0
                            [length] => 0
                            [volume] => 0
                            [amount] => 27900000
                            [tariff_number] => 
                            [country_origin] => VN
                            [quantity] => 1
                        )

                )

        )

)
 CONTEXT: {"_legacy":true}
2025-07-27T07:49:46+00:00 NOTICE Detected zone  CONTEXT: {"_legacy":true}
2025-07-27T07:49:46+00:00 NOTICE Found this owner address Array
(
    [country_state] => 
    [country] => 
    [state] => 
    [street1] => 
    [street2] => 
    [zip] => 
)
 CONTEXT: {"_legacy":true}
2025-07-27T07:49:46+00:00 NOTICE Require a shipment Array
(
    [address_from] => Array
        (
            [country_state] => 
            [country] => 
            [state] => 
            [street1] => 
            [street2] => 
            [zip] => 
        )

    [async] => 
    [currency] => VND
    [address_to] => Array
        (
            [name] =>  
            [company] => 
            [street1] => 
            [city] => 
            [state] => 
            [zip] => 
            [country] => VN
            [phone] => 
            [email] => 
            [is_residential] => 1
        )

    [customs_declaration] => Array
        (
            [certify] => 1
            [non_delivery_option] => RETURN
            [certify_signer] => Shipper
            [contents_type] => MERCHANDISE
            [contents_explanation] => Merchandise
            [items] => Array
                (
                    [0] => Array
                        (
                            [description] => LV mono nano Noe
                            [quantity] => 2
                            [value_amount] => 99800000
                            [net_weight] => 0.01
                            [value_currency] => VND
                            [origin_country] => VN
                            [tariff_number] => 
                            [mass_unit] => lb
                        )

                    [1] => Array
                        (
                            [description] => LV vintage damier Kelly
                            [quantity] => 1
                            [value_amount] => 28900000
                            [net_weight] => 0.01
                            [value_currency] => VND
                            [origin_country] => VN
                            [tariff_number] => 
                            [mass_unit] => lb
                        )

                    [2] => Array
                        (
                            [description] => LV vintage Mono Pochette
                            [quantity] => 1
                            [value_amount] => 19900000
                            [net_weight] => 0.01
                            [value_currency] => VND
                            [origin_country] => VN
                            [tariff_number] => 
                            [mass_unit] => lb
                        )

                    [3] => Array
                        (
                            [description] => LV vintage Mono Kelly
                            [quantity] => 1
                            [value_amount] => 27900000
                            [net_weight] => 0.01
                            [value_currency] => VND
                            [origin_country] => VN
                            [tariff_number] => 
                            [mass_unit] => lb
                        )

                )

        )

    [parcels] => Array
        (
            [0] => Array
                (
                    [length] => 7.87
                    [width] => 7.87
                    [height] => 0.79
                    [distance_unit] => in
                    [mass_unit] => lbs
                    [weight] => 0.22
                )

        )

)
 CONTEXT: {"_legacy":true}
2025-07-27T07:49:46+00:00 NOTICE Error on calculate shippings :No credentials provided. CONTEXT: {"_legacy":true}
2025-07-27T07:49:49+00:00 NOTICE Calculate shipping CONTEXT: {"_legacy":true}
2025-07-27T07:49:49+00:00 NOTICE Start to calculate parcel boxes on cart CONTEXT: {"_legacy":true}
2025-07-27T07:49:49+00:00 NOTICE Enabled parcels defined on settings: Array
(
)
 CONTEXT: {"_legacy":true}
2025-07-27T07:49:49+00:00 NOTICE No parcels found. Starting to create parcels from single products. CONTEXT: {"_legacy":true}
2025-07-27T07:49:49+00:00 NOTICE Parcels created from single products: Array
(
    [0] => Array
        (
            [ID] => item-key-a7aeed74714116f3b292a982238f83d2-576
            [name] => LV mono nano Noe parcel
            [length] => 7.87
            [width] => 7.87
            [height] => 0.79
            [inner_padding] => 0
            [volume] => 48.930151
            [distance_unit] => in
            [mass_unit] => lbs
            [weight] => 0.22
            [enabled] => 1
            [type] => parcel
            [from_product] => 1
        )

    [1] => Array
        (
            [ID] => item-key-8b16ebc056e613024c057be590b542eb-569
            [name] => LV vintage damier Kelly parcel
            [length] => 7.87
            [width] => 7.87
            [height] => 0.79
            [inner_padding] => 0
            [volume] => 48.930151
            [distance_unit] => in
            [mass_unit] => lbs
            [weight] => 0.22
            [enabled] => 1
            [type] => parcel
            [from_product] => 1
        )

    [2] => Array
        (
            [ID] => item-key-b534ba68236ba543ae44b22bd110a1d6-496
            [name] => LV vintage Mono Pochette parcel
            [length] => 7.87
            [width] => 7.87
            [height] => 0.79
            [inner_padding] => 0
            [volume] => 48.930151
            [distance_unit] => in
            [mass_unit] => lbs
            [weight] => 0.22
            [enabled] => 1
            [type] => parcel
            [from_product] => 1
        )

    [3] => Array
        (
            [ID] => item-key-eed5af6add95a9a6f1252739b1ad8c24-439
            [name] => LV vintage Mono Kelly parcel
            [length] => 7.87
            [width] => 7.87
            [height] => 0.79
            [inner_padding] => 0
            [volume] => 48.930151
            [distance_unit] => in
            [mass_unit] => lbs
            [weight] => 0.22
            [enabled] => 1
            [type] => parcel
            [from_product] => 1
        )

)
 CONTEXT: {"_legacy":true}
2025-07-27T07:49:49+00:00 NOTICE Started to fill the packages CONTEXT: {"_legacy":true}
2025-07-27T07:49:49+00:00 NOTICE Created the boxes:Array
(
    [0] => Array
        (
            [id] => parcel-item-key-eed5af6add95a9a6f1252739b1ad8c24-439-0
            [name] => LV vintage Mono Kelly parcel
            [length] => 7.87
            [width] => 7.87
            [height] => 0.79
            [distance_unit] => in
            [mass_unit] => lbs
            [weight] => 0.22
            [volume] => 48.93
            [insurance] => no
            [signature] => no
            [amount] => 205400000
            [filled] => Array
                (
                    [a7aeed74714116f3b292a982238f83d2] => Array
                        (
                            [item_key] => a7aeed74714116f3b292a982238f83d2
                            [product_id] => 576
                            [product_name] => LV mono nano Noe
                            [height] => 0
                            [weight] => 0
                            [width] => 0
                            [length] => 0
                            [volume] => 0
                            [amount] => 49900000
                            [tariff_number] => 
                            [country_origin] => VN
                            [quantity] => 2
                        )

                    [8b16ebc056e613024c057be590b542eb] => Array
                        (
                            [item_key] => 8b16ebc056e613024c057be590b542eb
                            [product_id] => 569
                            [product_name] => LV vintage damier Kelly
                            [height] => 0
                            [weight] => 0
                            [width] => 0
                            [length] => 0
                            [volume] => 0
                            [amount] => 28900000
                            [tariff_number] => 
                            [country_origin] => VN
                            [quantity] => 2
                        )

                    [b534ba68236ba543ae44b22bd110a1d6] => Array
                        (
                            [item_key] => b534ba68236ba543ae44b22bd110a1d6
                            [product_id] => 496
                            [product_name] => LV vintage Mono Pochette
                            [height] => 0
                            [weight] => 0
                            [width] => 0
                            [length] => 0
                            [volume] => 0
                            [amount] => 19900000
                            [tariff_number] => 
                            [country_origin] => VN
                            [quantity] => 1
                        )

                    [eed5af6add95a9a6f1252739b1ad8c24] => Array
                        (
                            [item_key] => eed5af6add95a9a6f1252739b1ad8c24
                            [product_id] => 439
                            [product_name] => LV vintage Mono Kelly
                            [height] => 0
                            [weight] => 0
                            [width] => 0
                            [length] => 0
                            [volume] => 0
                            [amount] => 27900000
                            [tariff_number] => 
                            [country_origin] => VN
                            [quantity] => 1
                        )

                )

        )

)
 CONTEXT: {"_legacy":true}
2025-07-27T07:49:49+00:00 NOTICE Combined box:Array
(
    [0] => Array
        (
            [id] => combined_box
            [length] => 7.87
            [width] => 7.87
            [height] => 0.79
            [volume] => 48.93
            [amount] => 205400000
            [distance_unit] => in
            [mass_unit] => lbs
            [insurance] => no
            [signature] => no
            [weight] => 0.22
            [filled] => Array
                (
                    [a7aeed74714116f3b292a982238f83d2] => Array
                        (
                            [item_key] => a7aeed74714116f3b292a982238f83d2
                            [product_id] => 576
                            [product_name] => LV mono nano Noe
                            [height] => 0
                            [weight] => 0
                            [width] => 0
                            [length] => 0
                            [volume] => 0
                            [amount] => 49900000
                            [tariff_number] => 
                            [country_origin] => VN
                            [quantity] => 2
                        )

                    [8b16ebc056e613024c057be590b542eb] => Array
                        (
                            [item_key] => 8b16ebc056e613024c057be590b542eb
                            [product_id] => 569
                            [product_name] => LV vintage damier Kelly
                            [height] => 0
                            [weight] => 0
                            [width] => 0
                            [length] => 0
                            [volume] => 0
                            [amount] => 28900000
                            [tariff_number] => 
                            [country_origin] => VN
                            [quantity] => 2
                        )

                    [b534ba68236ba543ae44b22bd110a1d6] => Array
                        (
                            [item_key] => b534ba68236ba543ae44b22bd110a1d6
                            [product_id] => 496
                            [product_name] => LV vintage Mono Pochette
                            [height] => 0
                            [weight] => 0
                            [width] => 0
                            [length] => 0
                            [volume] => 0
                            [amount] => 19900000
                            [tariff_number] => 
                            [country_origin] => VN
                            [quantity] => 1
                        )

                    [eed5af6add95a9a6f1252739b1ad8c24] => Array
                        (
                            [item_key] => eed5af6add95a9a6f1252739b1ad8c24
                            [product_id] => 439
                            [product_name] => LV vintage Mono Kelly
                            [height] => 0
                            [weight] => 0
                            [width] => 0
                            [length] => 0
                            [volume] => 0
                            [amount] => 27900000
                            [tariff_number] => 
                            [country_origin] => VN
                            [quantity] => 1
                        )

                )

        )

)
 CONTEXT: {"_legacy":true}
2025-07-27T07:49:49+00:00 NOTICE Parcel filled:Array
(
    [0] => Array
        (
            [id] => combined_box
            [length] => 7.87
            [width] => 7.87
            [height] => 0.79
            [volume] => 48.93
            [amount] => 205400000
            [distance_unit] => in
            [mass_unit] => lbs
            [insurance] => no
            [signature] => no
            [weight] => 0.22
            [filled] => Array
                (
                    [a7aeed74714116f3b292a982238f83d2] => Array
                        (
                            [item_key] => a7aeed74714116f3b292a982238f83d2
                            [product_id] => 576
                            [product_name] => LV mono nano Noe
                            [height] => 0
                            [weight] => 0
                            [width] => 0
                            [length] => 0
                            [volume] => 0
                            [amount] => 49900000
                            [tariff_number] => 
                            [country_origin] => VN
                            [quantity] => 2
                        )

                    [8b16ebc056e613024c057be590b542eb] => Array
                        (
                            [item_key] => 8b16ebc056e613024c057be590b542eb
                            [product_id] => 569
                            [product_name] => LV vintage damier Kelly
                            [height] => 0
                            [weight] => 0
                            [width] => 0
                            [length] => 0
                            [volume] => 0
                            [amount] => 28900000
                            [tariff_number] => 
                            [country_origin] => VN
                            [quantity] => 2
                        )

                    [b534ba68236ba543ae44b22bd110a1d6] => Array
                        (
                            [item_key] => b534ba68236ba543ae44b22bd110a1d6
                            [product_id] => 496
                            [product_name] => LV vintage Mono Pochette
                            [height] => 0
                            [weight] => 0
                            [width] => 0
                            [length] => 0
                            [volume] => 0
                            [amount] => 19900000
                            [tariff_number] => 
                            [country_origin] => VN
                            [quantity] => 1
                        )

                    [eed5af6add95a9a6f1252739b1ad8c24] => Array
                        (
                            [item_key] => eed5af6add95a9a6f1252739b1ad8c24
                            [product_id] => 439
                            [product_name] => LV vintage Mono Kelly
                            [height] => 0
                            [weight] => 0
                            [width] => 0
                            [length] => 0
                            [volume] => 0
                            [amount] => 27900000
                            [tariff_number] => 
                            [country_origin] => VN
                            [quantity] => 1
                        )

                )

        )

)
 CONTEXT: {"_legacy":true}
2025-07-27T07:49:49+00:00 NOTICE Parcel Weight Adjusted:Array
(
    [id] => combined_box
    [length] => 7.87
    [width] => 7.87
    [height] => 0.79
    [volume] => 48.93
    [amount] => 205400000
    [distance_unit] => in
    [mass_unit] => lbs
    [insurance] => no
    [signature] => no
    [weight] => 0.22
    [filled] => Array
        (
            [a7aeed74714116f3b292a982238f83d2] => Array
                (
                    [item_key] => a7aeed74714116f3b292a982238f83d2
                    [product_id] => 576
                    [product_name] => LV mono nano Noe
                    [height] => 0
                    [weight] => 0
                    [width] => 0
                    [length] => 0
                    [volume] => 0
                    [amount] => 49900000
                    [tariff_number] => 
                    [country_origin] => VN
                    [quantity] => 2
                )

            [8b16ebc056e613024c057be590b542eb] => Array
                (
                    [item_key] => 8b16ebc056e613024c057be590b542eb
                    [product_id] => 569
                    [product_name] => LV vintage damier Kelly
                    [height] => 0
                    [weight] => 0
                    [width] => 0
                    [length] => 0
                    [volume] => 0
                    [amount] => 28900000
                    [tariff_number] => 
                    [country_origin] => VN
                    [quantity] => 2
                )

            [b534ba68236ba543ae44b22bd110a1d6] => Array
                (
                    [item_key] => b534ba68236ba543ae44b22bd110a1d6
                    [product_id] => 496
                    [product_name] => LV vintage Mono Pochette
                    [height] => 0
                    [weight] => 0
                    [width] => 0
                    [length] => 0
                    [volume] => 0
                    [amount] => 19900000
                    [tariff_number] => 
                    [country_origin] => VN
                    [quantity] => 1
                )

            [eed5af6add95a9a6f1252739b1ad8c24] => Array
                (
                    [item_key] => eed5af6add95a9a6f1252739b1ad8c24
                    [product_id] => 439
                    [product_name] => LV vintage Mono Kelly
                    [height] => 0
                    [weight] => 0
                    [width] => 0
                    [length] => 0
                    [volume] => 0
                    [amount] => 27900000
                    [tariff_number] => 
                    [country_origin] => VN
                    [quantity] => 1
                )

        )

)
 CONTEXT: {"_legacy":true}
2025-07-27T07:49:49+00:00 NOTICE Parcel Minimum Dimension Adjusted:Array
(
    [id] => combined_box
    [length] => 7.87
    [width] => 7.87
    [height] => 0.79
    [volume] => 48.93
    [amount] => 205400000
    [distance_unit] => in
    [mass_unit] => lbs
    [insurance] => no
    [signature] => no
    [weight] => 0.22
    [filled] => Array
        (
            [a7aeed74714116f3b292a982238f83d2] => Array
                (
                    [item_key] => a7aeed74714116f3b292a982238f83d2
                    [product_id] => 576
                    [product_name] => LV mono nano Noe
                    [height] => 0
                    [weight] => 0
                    [width] => 0
                    [length] => 0
                    [volume] => 0
                    [amount] => 49900000
                    [tariff_number] => 
                    [country_origin] => VN
                    [quantity] => 2
                )

            [8b16ebc056e613024c057be590b542eb] => Array
                (
                    [item_key] => 8b16ebc056e613024c057be590b542eb
                    [product_id] => 569
                    [product_name] => LV vintage damier Kelly
                    [height] => 0
                    [weight] => 0
                    [width] => 0
                    [length] => 0
                    [volume] => 0
                    [amount] => 28900000
                    [tariff_number] => 
                    [country_origin] => VN
                    [quantity] => 2
                )

            [b534ba68236ba543ae44b22bd110a1d6] => Array
                (
                    [item_key] => b534ba68236ba543ae44b22bd110a1d6
                    [product_id] => 496
                    [product_name] => LV vintage Mono Pochette
                    [height] => 0
                    [weight] => 0
                    [width] => 0
                    [length] => 0
                    [volume] => 0
                    [amount] => 19900000
                    [tariff_number] => 
                    [country_origin] => VN
                    [quantity] => 1
                )

            [eed5af6add95a9a6f1252739b1ad8c24] => Array
                (
                    [item_key] => eed5af6add95a9a6f1252739b1ad8c24
                    [product_id] => 439
                    [product_name] => LV vintage Mono Kelly
                    [height] => 0
                    [weight] => 0
                    [width] => 0
                    [length] => 0
                    [volume] => 0
                    [amount] => 27900000
                    [tariff_number] => 
                    [country_origin] => VN
                    [quantity] => 1
                )

        )

)
 CONTEXT: {"_legacy":true}
2025-07-27T07:49:49+00:00 NOTICE Parcel Adjusted:Array
(
    [0] => Array
        (
            [id] => combined_box
            [length] => 7.87
            [width] => 7.87
            [height] => 0.79
            [volume] => 48.93
            [amount] => 205400000
            [distance_unit] => in
            [mass_unit] => lbs
            [insurance] => no
            [signature] => no
            [weight] => 0.22
            [filled] => Array
                (
                    [a7aeed74714116f3b292a982238f83d2] => Array
                        (
                            [item_key] => a7aeed74714116f3b292a982238f83d2
                            [product_id] => 576
                            [product_name] => LV mono nano Noe
                            [height] => 0
                            [weight] => 0
                            [width] => 0
                            [length] => 0
                            [volume] => 0
                            [amount] => 49900000
                            [tariff_number] => 
                            [country_origin] => VN
                            [quantity] => 2
                        )

                    [8b16ebc056e613024c057be590b542eb] => Array
                        (
                            [item_key] => 8b16ebc056e613024c057be590b542eb
                            [product_id] => 569
                            [product_name] => LV vintage damier Kelly
                            [height] => 0
                            [weight] => 0
                            [width] => 0
                            [length] => 0
                            [volume] => 0
                            [amount] => 28900000
                            [tariff_number] => 
                            [country_origin] => VN
                            [quantity] => 2
                        )

                    [b534ba68236ba543ae44b22bd110a1d6] => Array
                        (
                            [item_key] => b534ba68236ba543ae44b22bd110a1d6
                            [product_id] => 496
                            [product_name] => LV vintage Mono Pochette
                            [height] => 0
                            [weight] => 0
                            [width] => 0
                            [length] => 0
                            [volume] => 0
                            [amount] => 19900000
                            [tariff_number] => 
                            [country_origin] => VN
                            [quantity] => 1
                        )

                    [eed5af6add95a9a6f1252739b1ad8c24] => Array
                        (
                            [item_key] => eed5af6add95a9a6f1252739b1ad8c24
                            [product_id] => 439
                            [product_name] => LV vintage Mono Kelly
                            [height] => 0
                            [weight] => 0
                            [width] => 0
                            [length] => 0
                            [volume] => 0
                            [amount] => 27900000
                            [tariff_number] => 
                            [country_origin] => VN
                            [quantity] => 1
                        )

                )

        )

)
 CONTEXT: {"_legacy":true}
2025-07-27T07:49:49+00:00 NOTICE Parcel process ended CONTEXT: {"_legacy":true}
2025-07-27T07:49:49+00:00 NOTICE Parcels found Array
(
    [0] => Array
        (
            [id] => combined_box
            [length] => 7.87
            [width] => 7.87
            [height] => 0.79
            [volume] => 48.93
            [amount] => 205400000
            [distance_unit] => in
            [mass_unit] => lbs
            [insurance] => no
            [signature] => no
            [weight] => 0.22
            [filled] => Array
                (
                    [a7aeed74714116f3b292a982238f83d2] => Array
                        (
                            [item_key] => a7aeed74714116f3b292a982238f83d2
                            [product_id] => 576
                            [product_name] => LV mono nano Noe
                            [height] => 0
                            [weight] => 0
                            [width] => 0
                            [length] => 0
                            [volume] => 0
                            [amount] => 49900000
                            [tariff_number] => 
                            [country_origin] => VN
                            [quantity] => 2
                        )

                    [8b16ebc056e613024c057be590b542eb] => Array
                        (
                            [item_key] => 8b16ebc056e613024c057be590b542eb
                            [product_id] => 569
                            [product_name] => LV vintage damier Kelly
                            [height] => 0
                            [weight] => 0
                            [width] => 0
                            [length] => 0
                            [volume] => 0
                            [amount] => 28900000
                            [tariff_number] => 
                            [country_origin] => VN
                            [quantity] => 2
                        )

                    [b534ba68236ba543ae44b22bd110a1d6] => Array
                        (
                            [item_key] => b534ba68236ba543ae44b22bd110a1d6
                            [product_id] => 496
                            [product_name] => LV vintage Mono Pochette
                            [height] => 0
                            [weight] => 0
                            [width] => 0
                            [length] => 0
                            [volume] => 0
                            [amount] => 19900000
                            [tariff_number] => 
                            [country_origin] => VN
                            [quantity] => 1
                        )

                    [eed5af6add95a9a6f1252739b1ad8c24] => Array
                        (
                            [item_key] => eed5af6add95a9a6f1252739b1ad8c24
                            [product_id] => 439
                            [product_name] => LV vintage Mono Kelly
                            [height] => 0
                            [weight] => 0
                            [width] => 0
                            [length] => 0
                            [volume] => 0
                            [amount] => 27900000
                            [tariff_number] => 
                            [country_origin] => VN
                            [quantity] => 1
                        )

                )

        )

)
 CONTEXT: {"_legacy":true}
2025-07-27T07:49:49+00:00 NOTICE Detected zone  CONTEXT: {"_legacy":true}
2025-07-27T07:49:49+00:00 NOTICE Found this owner address Array
(
    [country_state] => 
    [country] => 
    [state] => 
    [street1] => 
    [street2] => 
    [zip] => 
)
 CONTEXT: {"_legacy":true}
2025-07-27T07:49:49+00:00 NOTICE Require a shipment Array
(
    [address_from] => Array
        (
            [country_state] => 
            [country] => 
            [state] => 
            [street1] => 
            [street2] => 
            [zip] => 
        )

    [async] => 
    [currency] => VND
    [address_to] => Array
        (
            [name] =>  
            [company] => 
            [street1] => 
            [city] => 
            [state] => 
            [zip] => 
            [country] => VN
            [phone] => 
            [email] => 
            [is_residential] => 1
        )

    [customs_declaration] => Array
        (
            [certify] => 1
            [non_delivery_option] => RETURN
            [certify_signer] => Shipper
            [contents_type] => MERCHANDISE
            [contents_explanation] => Merchandise
            [items] => Array
                (
                    [0] => Array
                        (
                            [description] => LV mono nano Noe
                            [quantity] => 2
                            [value_amount] => 99800000
                            [net_weight] => 0.01
                            [value_currency] => VND
                            [origin_country] => VN
                            [tariff_number] => 
                            [mass_unit] => lb
                        )

                    [1] => Array
                        (
                            [description] => LV vintage damier Kelly
                            [quantity] => 2
                            [value_amount] => 57800000
                            [net_weight] => 0.01
                            [value_currency] => VND
                            [origin_country] => VN
                            [tariff_number] => 
                            [mass_unit] => lb
                        )

                    [2] => Array
                        (
                            [description] => LV vintage Mono Pochette
                            [quantity] => 1
                            [value_amount] => 19900000
                            [net_weight] => 0.01
                            [value_currency] => VND
                            [origin_country] => VN
                            [tariff_number] => 
                            [mass_unit] => lb
                        )

                    [3] => Array
                        (
                            [description] => LV vintage Mono Kelly
                            [quantity] => 1
                            [value_amount] => 27900000
                            [net_weight] => 0.01
                            [value_currency] => VND
                            [origin_country] => VN
                            [tariff_number] => 
                            [mass_unit] => lb
                        )

                )

        )

    [parcels] => Array
        (
            [0] => Array
                (
                    [length] => 7.87
                    [width] => 7.87
                    [height] => 0.79
                    [distance_unit] => in
                    [mass_unit] => lbs
                    [weight] => 0.22
                )

        )

)
 CONTEXT: {"_legacy":true}
2025-07-27T07:49:49+00:00 NOTICE Error on calculate shippings :No credentials provided. CONTEXT: {"_legacy":true}
2025-07-27T07:49:49+00:00 NOTICE Calculate shipping CONTEXT: {"_legacy":true}
2025-07-27T07:49:49+00:00 NOTICE Start to calculate parcel boxes on cart CONTEXT: {"_legacy":true}
2025-07-27T07:49:49+00:00 NOTICE Enabled parcels defined on settings: Array
(
)
 CONTEXT: {"_legacy":true}
2025-07-27T07:49:49+00:00 NOTICE No parcels found. Starting to create parcels from single products. CONTEXT: {"_legacy":true}
2025-07-27T07:49:49+00:00 NOTICE Parcels created from single products: Array
(
    [0] => Array
        (
            [ID] => item-key-a7aeed74714116f3b292a982238f83d2-576
            [name] => LV mono nano Noe parcel
            [length] => 7.87
            [width] => 7.87
            [height] => 0.79
            [inner_padding] => 0
            [volume] => 48.930151
            [distance_unit] => in
            [mass_unit] => lbs
            [weight] => 0.22
            [enabled] => 1
            [type] => parcel
            [from_product] => 1
        )

    [1] => Array
        (
            [ID] => item-key-8b16ebc056e613024c057be590b542eb-569
            [name] => LV vintage damier Kelly parcel
            [length] => 7.87
            [width] => 7.87
            [height] => 0.79
            [inner_padding] => 0
            [volume] => 48.930151
            [distance_unit] => in
            [mass_unit] => lbs
            [weight] => 0.22
            [enabled] => 1
            [type] => parcel
            [from_product] => 1
        )

    [2] => Array
        (
            [ID] => item-key-b534ba68236ba543ae44b22bd110a1d6-496
            [name] => LV vintage Mono Pochette parcel
            [length] => 7.87
            [width] => 7.87
            [height] => 0.79
            [inner_padding] => 0
            [volume] => 48.930151
            [distance_unit] => in
            [mass_unit] => lbs
            [weight] => 0.22
            [enabled] => 1
            [type] => parcel
            [from_product] => 1
        )

    [3] => Array
        (
            [ID] => item-key-eed5af6add95a9a6f1252739b1ad8c24-439
            [name] => LV vintage Mono Kelly parcel
            [length] => 7.87
            [width] => 7.87
            [height] => 0.79
            [inner_padding] => 0
            [volume] => 48.930151
            [distance_unit] => in
            [mass_unit] => lbs
            [weight] => 0.22
            [enabled] => 1
            [type] => parcel
            [from_product] => 1
        )

)
 CONTEXT: {"_legacy":true}
2025-07-27T07:49:49+00:00 NOTICE Started to fill the packages CONTEXT: {"_legacy":true}
2025-07-27T07:49:49+00:00 NOTICE Created the boxes:Array
(
    [0] => Array
        (
            [id] => parcel-item-key-eed5af6add95a9a6f1252739b1ad8c24-439-0
            [name] => LV vintage Mono Kelly parcel
            [length] => 7.87
            [width] => 7.87
            [height] => 0.79
            [distance_unit] => in
            [mass_unit] => lbs
            [weight] => 0.22
            [volume] => 48.93
            [insurance] => no
            [signature] => no
            [amount] => 205400000
            [filled] => Array
                (
                    [a7aeed74714116f3b292a982238f83d2] => Array
                        (
                            [item_key] => a7aeed74714116f3b292a982238f83d2
                            [product_id] => 576
                            [product_name] => LV mono nano Noe
                            [height] => 0
                            [weight] => 0
                            [width] => 0
                            [length] => 0
                            [volume] => 0
                            [amount] => 49900000
                            [tariff_number] => 
                            [country_origin] => VN
                            [quantity] => 2
                        )

                    [8b16ebc056e613024c057be590b542eb] => Array
                        (
                            [item_key] => 8b16ebc056e613024c057be590b542eb
                            [product_id] => 569
                            [product_name] => LV vintage damier Kelly
                            [height] => 0
                            [weight] => 0
                            [width] => 0
                            [length] => 0
                            [volume] => 0
                            [amount] => 28900000
                            [tariff_number] => 
                            [country_origin] => VN
                            [quantity] => 2
                        )

                    [b534ba68236ba543ae44b22bd110a1d6] => Array
                        (
                            [item_key] => b534ba68236ba543ae44b22bd110a1d6
                            [product_id] => 496
                            [product_name] => LV vintage Mono Pochette
                            [height] => 0
                            [weight] => 0
                            [width] => 0
                            [length] => 0
                            [volume] => 0
                            [amount] => 19900000
                            [tariff_number] => 
                            [country_origin] => VN
                            [quantity] => 1
                        )

                    [eed5af6add95a9a6f1252739b1ad8c24] => Array
                        (
                            [item_key] => eed5af6add95a9a6f1252739b1ad8c24
                            [product_id] => 439
                            [product_name] => LV vintage Mono Kelly
                            [height] => 0
                            [weight] => 0
                            [width] => 0
                            [length] => 0
                            [volume] => 0
                            [amount] => 27900000
                            [tariff_number] => 
                            [country_origin] => VN
                            [quantity] => 1
                        )

                )

        )

)
 CONTEXT: {"_legacy":true}
2025-07-27T07:49:49+00:00 NOTICE Combined box:Array
(
    [0] => Array
        (
            [id] => combined_box
            [length] => 7.87
            [width] => 7.87
            [height] => 0.79
            [volume] => 48.93
            [amount] => 205400000
            [distance_unit] => in
            [mass_unit] => lbs
            [insurance] => no
            [signature] => no
            [weight] => 0.22
            [filled] => Array
                (
                    [a7aeed74714116f3b292a982238f83d2] => Array
                        (
                            [item_key] => a7aeed74714116f3b292a982238f83d2
                            [product_id] => 576
                            [product_name] => LV mono nano Noe
                            [height] => 0
                            [weight] => 0
                            [width] => 0
                            [length] => 0
                            [volume] => 0
                            [amount] => 49900000
                            [tariff_number] => 
                            [country_origin] => VN
                            [quantity] => 2
                        )

                    [8b16ebc056e613024c057be590b542eb] => Array
                        (
                            [item_key] => 8b16ebc056e613024c057be590b542eb
                            [product_id] => 569
                            [product_name] => LV vintage damier Kelly
                            [height] => 0
                            [weight] => 0
                            [width] => 0
                            [length] => 0
                            [volume] => 0
                            [amount] => 28900000
                            [tariff_number] => 
                            [country_origin] => VN
                            [quantity] => 2
                        )

                    [b534ba68236ba543ae44b22bd110a1d6] => Array
                        (
                            [item_key] => b534ba68236ba543ae44b22bd110a1d6
                            [product_id] => 496
                            [product_name] => LV vintage Mono Pochette
                            [height] => 0
                            [weight] => 0
                            [width] => 0
                            [length] => 0
                            [volume] => 0
                            [amount] => 19900000
                            [tariff_number] => 
                            [country_origin] => VN
                            [quantity] => 1
                        )

                    [eed5af6add95a9a6f1252739b1ad8c24] => Array
                        (
                            [item_key] => eed5af6add95a9a6f1252739b1ad8c24
                            [product_id] => 439
                            [product_name] => LV vintage Mono Kelly
                            [height] => 0
                            [weight] => 0
                            [width] => 0
                            [length] => 0
                            [volume] => 0
                            [amount] => 27900000
                            [tariff_number] => 
                            [country_origin] => VN
                            [quantity] => 1
                        )

                )

        )

)
 CONTEXT: {"_legacy":true}
2025-07-27T07:49:49+00:00 NOTICE Parcel filled:Array
(
    [0] => Array
        (
            [id] => combined_box
            [length] => 7.87
            [width] => 7.87
            [height] => 0.79
            [volume] => 48.93
            [amount] => 205400000
            [distance_unit] => in
            [mass_unit] => lbs
            [insurance] => no
            [signature] => no
            [weight] => 0.22
            [filled] => Array
                (
                    [a7aeed74714116f3b292a982238f83d2] => Array
                        (
                            [item_key] => a7aeed74714116f3b292a982238f83d2
                            [product_id] => 576
                            [product_name] => LV mono nano Noe
                            [height] => 0
                            [weight] => 0
                            [width] => 0
                            [length] => 0
                            [volume] => 0
                            [amount] => 49900000
                            [tariff_number] => 
                            [country_origin] => VN
                            [quantity] => 2
                        )

                    [8b16ebc056e613024c057be590b542eb] => Array
                        (
                            [item_key] => 8b16ebc056e613024c057be590b542eb
                            [product_id] => 569
                            [product_name] => LV vintage damier Kelly
                            [height] => 0
                            [weight] => 0
                            [width] => 0
                            [length] => 0
                            [volume] => 0
                            [amount] => 28900000
                            [tariff_number] => 
                            [country_origin] => VN
                            [quantity] => 2
                        )

                    [b534ba68236ba543ae44b22bd110a1d6] => Array
                        (
                            [item_key] => b534ba68236ba543ae44b22bd110a1d6
                            [product_id] => 496
                            [product_name] => LV vintage Mono Pochette
                            [height] => 0
                            [weight] => 0
                            [width] => 0
                            [length] => 0
                            [volume] => 0
                            [amount] => 19900000
                            [tariff_number] => 
                            [country_origin] => VN
                            [quantity] => 1
                        )

                    [eed5af6add95a9a6f1252739b1ad8c24] => Array
                        (
                            [item_key] => eed5af6add95a9a6f1252739b1ad8c24
                            [product_id] => 439
                            [product_name] => LV vintage Mono Kelly
                            [height] => 0
                            [weight] => 0
                            [width] => 0
                            [length] => 0
                            [volume] => 0
                            [amount] => 27900000
                            [tariff_number] => 
                            [country_origin] => VN
                            [quantity] => 1
                        )

                )

        )

)
 CONTEXT: {"_legacy":true}
2025-07-27T07:49:49+00:00 NOTICE Parcel Weight Adjusted:Array
(
    [id] => combined_box
    [length] => 7.87
    [width] => 7.87
    [height] => 0.79
    [volume] => 48.93
    [amount] => 205400000
    [distance_unit] => in
    [mass_unit] => lbs
    [insurance] => no
    [signature] => no
    [weight] => 0.22
    [filled] => Array
        (
            [a7aeed74714116f3b292a982238f83d2] => Array
                (
                    [item_key] => a7aeed74714116f3b292a982238f83d2
                    [product_id] => 576
                    [product_name] => LV mono nano Noe
                    [height] => 0
                    [weight] => 0
                    [width] => 0
                    [length] => 0
                    [volume] => 0
                    [amount] => 49900000
                    [tariff_number] => 
                    [country_origin] => VN
                    [quantity] => 2
                )

            [8b16ebc056e613024c057be590b542eb] => Array
                (
                    [item_key] => 8b16ebc056e613024c057be590b542eb
                    [product_id] => 569
                    [product_name] => LV vintage damier Kelly
                    [height] => 0
                    [weight] => 0
                    [width] => 0
                    [length] => 0
                    [volume] => 0
                    [amount] => 28900000
                    [tariff_number] => 
                    [country_origin] => VN
                    [quantity] => 2
                )

            [b534ba68236ba543ae44b22bd110a1d6] => Array
                (
                    [item_key] => b534ba68236ba543ae44b22bd110a1d6
                    [product_id] => 496
                    [product_name] => LV vintage Mono Pochette
                    [height] => 0
                    [weight] => 0
                    [width] => 0
                    [length] => 0
                    [volume] => 0
                    [amount] => 19900000
                    [tariff_number] => 
                    [country_origin] => VN
                    [quantity] => 1
                )

            [eed5af6add95a9a6f1252739b1ad8c24] => Array
                (
                    [item_key] => eed5af6add95a9a6f1252739b1ad8c24
                    [product_id] => 439
                    [product_name] => LV vintage Mono Kelly
                    [height] => 0
                    [weight] => 0
                    [width] => 0
                    [length] => 0
                    [volume] => 0
                    [amount] => 27900000
                    [tariff_number] => 
                    [country_origin] => VN
                    [quantity] => 1
                )

        )

)
 CONTEXT: {"_legacy":true}
2025-07-27T07:49:49+00:00 NOTICE Parcel Minimum Dimension Adjusted:Array
(
    [id] => combined_box
    [length] => 7.87
    [width] => 7.87
    [height] => 0.79
    [volume] => 48.93
    [amount] => 205400000
    [distance_unit] => in
    [mass_unit] => lbs
    [insurance] => no
    [signature] => no
    [weight] => 0.22
    [filled] => Array
        (
            [a7aeed74714116f3b292a982238f83d2] => Array
                (
                    [item_key] => a7aeed74714116f3b292a982238f83d2
                    [product_id] => 576
                    [product_name] => LV mono nano Noe
                    [height] => 0
                    [weight] => 0
                    [width] => 0
                    [length] => 0
                    [volume] => 0
                    [amount] => 49900000
                    [tariff_number] => 
                    [country_origin] => VN
                    [quantity] => 2
                )

            [8b16ebc056e613024c057be590b542eb] => Array
                (
                    [item_key] => 8b16ebc056e613024c057be590b542eb
                    [product_id] => 569
                    [product_name] => LV vintage damier Kelly
                    [height] => 0
                    [weight] => 0
                    [width] => 0
                    [length] => 0
                    [volume] => 0
                    [amount] => 28900000
                    [tariff_number] => 
                    [country_origin] => VN
                    [quantity] => 2
                )

            [b534ba68236ba543ae44b22bd110a1d6] => Array
                (
                    [item_key] => b534ba68236ba543ae44b22bd110a1d6
                    [product_id] => 496
                    [product_name] => LV vintage Mono Pochette
                    [height] => 0
                    [weight] => 0
                    [width] => 0
                    [length] => 0
                    [volume] => 0
                    [amount] => 19900000
                    [tariff_number] => 
                    [country_origin] => VN
                    [quantity] => 1
                )

            [eed5af6add95a9a6f1252739b1ad8c24] => Array
                (
                    [item_key] => eed5af6add95a9a6f1252739b1ad8c24
                    [product_id] => 439
                    [product_name] => LV vintage Mono Kelly
                    [height] => 0
                    [weight] => 0
                    [width] => 0
                    [length] => 0
                    [volume] => 0
                    [amount] => 27900000
                    [tariff_number] => 
                    [country_origin] => VN
                    [quantity] => 1
                )

        )

)
 CONTEXT: {"_legacy":true}
2025-07-27T07:49:49+00:00 NOTICE Parcel Adjusted:Array
(
    [0] => Array
        (
            [id] => combined_box
            [length] => 7.87
            [width] => 7.87
            [height] => 0.79
            [volume] => 48.93
            [amount] => 205400000
            [distance_unit] => in
            [mass_unit] => lbs
            [insurance] => no
            [signature] => no
            [weight] => 0.22
            [filled] => Array
                (
                    [a7aeed74714116f3b292a982238f83d2] => Array
                        (
                            [item_key] => a7aeed74714116f3b292a982238f83d2
                            [product_id] => 576
                            [product_name] => LV mono nano Noe
                            [height] => 0
                            [weight] => 0
                            [width] => 0
                            [length] => 0
                            [volume] => 0
                            [amount] => 49900000
                            [tariff_number] => 
                            [country_origin] => VN
                            [quantity] => 2
                        )

                    [8b16ebc056e613024c057be590b542eb] => Array
                        (
                            [item_key] => 8b16ebc056e613024c057be590b542eb
                            [product_id] => 569
                            [product_name] => LV vintage damier Kelly
                            [height] => 0
                            [weight] => 0
                            [width] => 0
                            [length] => 0
                            [volume] => 0
                            [amount] => 28900000
                            [tariff_number] => 
                            [country_origin] => VN
                            [quantity] => 2
                        )

                    [b534ba68236ba543ae44b22bd110a1d6] => Array
                        (
                            [item_key] => b534ba68236ba543ae44b22bd110a1d6
                            [product_id] => 496
                            [product_name] => LV vintage Mono Pochette
                            [height] => 0
                            [weight] => 0
                            [width] => 0
                            [length] => 0
                            [volume] => 0
                            [amount] => 19900000
                            [tariff_number] => 
                            [country_origin] => VN
                            [quantity] => 1
                        )

                    [eed5af6add95a9a6f1252739b1ad8c24] => Array
                        (
                            [item_key] => eed5af6add95a9a6f1252739b1ad8c24
                            [product_id] => 439
                            [product_name] => LV vintage Mono Kelly
                            [height] => 0
                            [weight] => 0
                            [width] => 0
                            [length] => 0
                            [volume] => 0
                            [amount] => 27900000
                            [tariff_number] => 
                            [country_origin] => VN
                            [quantity] => 1
                        )

                )

        )

)
 CONTEXT: {"_legacy":true}
2025-07-27T07:49:49+00:00 NOTICE Parcel process ended CONTEXT: {"_legacy":true}
2025-07-27T07:49:49+00:00 NOTICE Parcels found Array
(
    [0] => Array
        (
            [id] => combined_box
            [length] => 7.87
            [width] => 7.87
            [height] => 0.79
            [volume] => 48.93
            [amount] => 205400000
            [distance_unit] => in
            [mass_unit] => lbs
            [insurance] => no
            [signature] => no
            [weight] => 0.22
            [filled] => Array
                (
                    [a7aeed74714116f3b292a982238f83d2] => Array
                        (
                            [item_key] => a7aeed74714116f3b292a982238f83d2
                            [product_id] => 576
                            [product_name] => LV mono nano Noe
                            [height] => 0
                            [weight] => 0
                            [width] => 0
                            [length] => 0
                            [volume] => 0
                            [amount] => 49900000
                            [tariff_number] => 
                            [country_origin] => VN
                            [quantity] => 2
                        )

                    [8b16ebc056e613024c057be590b542eb] => Array
                        (
                            [item_key] => 8b16ebc056e613024c057be590b542eb
                            [product_id] => 569
                            [product_name] => LV vintage damier Kelly
                            [height] => 0
                            [weight] => 0
                            [width] => 0
                            [length] => 0
                            [volume] => 0
                            [amount] => 28900000
                            [tariff_number] => 
                            [country_origin] => VN
                            [quantity] => 2
                        )

                    [b534ba68236ba543ae44b22bd110a1d6] => Array
                        (
                            [item_key] => b534ba68236ba543ae44b22bd110a1d6
                            [product_id] => 496
                            [product_name] => LV vintage Mono Pochette
                            [height] => 0
                            [weight] => 0
                            [width] => 0
                            [length] => 0
                            [volume] => 0
                            [amount] => 19900000
                            [tariff_number] => 
                            [country_origin] => VN
                            [quantity] => 1
                        )

                    [eed5af6add95a9a6f1252739b1ad8c24] => Array
                        (
                            [item_key] => eed5af6add95a9a6f1252739b1ad8c24
                            [product_id] => 439
                            [product_name] => LV vintage Mono Kelly
                            [height] => 0
                            [weight] => 0
                            [width] => 0
                            [length] => 0
                            [volume] => 0
                            [amount] => 27900000
                            [tariff_number] => 
                            [country_origin] => VN
                            [quantity] => 1
                        )

                )

        )

)
 CONTEXT: {"_legacy":true}
2025-07-27T07:49:49+00:00 NOTICE Detected zone  CONTEXT: {"_legacy":true}
2025-07-27T07:49:49+00:00 NOTICE Found this owner address Array
(
    [country_state] => 
    [country] => 
    [state] => 
    [street1] => 
    [street2] => 
    [zip] => 
)
 CONTEXT: {"_legacy":true}
2025-07-27T07:49:49+00:00 NOTICE Require a shipment Array
(
    [address_from] => Array
        (
            [country_state] => 
            [country] => 
            [state] => 
            [street1] => 
            [street2] => 
            [zip] => 
        )

    [async] => 
    [currency] => VND
    [address_to] => Array
        (
            [name] =>  
            [company] => 
            [street1] => 
            [city] => 
            [state] => 
            [zip] => 
            [country] => VN
            [phone] => 
            [email] => 
            [is_residential] => 1
        )

    [customs_declaration] => Array
        (
            [certify] => 1
            [non_delivery_option] => RETURN
            [certify_signer] => Shipper
            [contents_type] => MERCHANDISE
            [contents_explanation] => Merchandise
            [items] => Array
                (
                    [0] => Array
                        (
                            [description] => LV mono nano Noe
                            [quantity] => 2
                            [value_amount] => 99800000
                            [net_weight] => 0.01
                            [value_currency] => VND
                            [origin_country] => VN
                            [tariff_number] => 
                            [mass_unit] => lb
                        )

                    [1] => Array
                        (
                            [description] => LV vintage damier Kelly
                            [quantity] => 2
                            [value_amount] => 57800000
                            [net_weight] => 0.01
                            [value_currency] => VND
                            [origin_country] => VN
                            [tariff_number] => 
                            [mass_unit] => lb
                        )

                    [2] => Array
                        (
                            [description] => LV vintage Mono Pochette
                            [quantity] => 1
                            [value_amount] => 19900000
                            [net_weight] => 0.01
                            [value_currency] => VND
                            [origin_country] => VN
                            [tariff_number] => 
                            [mass_unit] => lb
                        )

                    [3] => Array
                        (
                            [description] => LV vintage Mono Kelly
                            [quantity] => 1
                            [value_amount] => 27900000
                            [net_weight] => 0.01
                            [value_currency] => VND
                            [origin_country] => VN
                            [tariff_number] => 
                            [mass_unit] => lb
                        )

                )

        )

    [parcels] => Array
        (
            [0] => Array
                (
                    [length] => 7.87
                    [width] => 7.87
                    [height] => 0.79
                    [distance_unit] => in
                    [mass_unit] => lbs
                    [weight] => 0.22
                )

        )

)
 CONTEXT: {"_legacy":true}
2025-07-27T07:49:49+00:00 NOTICE Error on calculate shippings :No credentials provided. CONTEXT: {"_legacy":true}
